Datetime,Ticker,Open,High,Low,Close
2017-01-02,NIFTY PHARMA.NSE_IDX,10301.8,10364.6,10245.4,10309.5
2017-01-03,NIFTY PHARMA.NSE_IDX,10350.2,10382.5,10280.0,10314.8
2017-01-04,NIFTY PHARMA.NSE_IDX,10355.7,10392.6,10291.5,10319.5
2017-01-05,NIFTY PHARMA.NSE_IDX,10369.8,10464.7,10342.6,10447.2
2017-01-06,NIFTY PHARMA.NSE_IDX,10503.4,10559.5,10455.3,10472.6
2017-01-09,NIFTY PHARMA.NSE_IDX,10510.5,10525.7,10307.5,10317.4
2017-01-10,NIFTY PHARMA.NSE_IDX,10355.5,10380.3,10321.5,10365.3
2017-01-11,NIFTY PHARMA.NSE_IDX,10406.5,10475.2,10397.3,10457.8
2017-01-12,NIFTY PHARMA.NSE_IDX,10277.3,10419.2,10230.1,10408.5
2017-01-13,NIFTY PHARMA.NSE_IDX,10421.0,10488.7,10363.0,10434.1
2017-01-16,NIFTY PHARMA.NSE_IDX,10432.1,10480.2,10403.8,10413.9
2017-01-17,NIFTY PHARMA.NSE_IDX,10420.5,10475.8,10408.9,10418.3
2017-01-18,NIFTY PHARMA.NSE_IDX,10427.0,10502.9,10413.8,10437.0
2017-01-19,NIFTY PHARMA.NSE_IDX,10453.0,10497.3,10368.6,10376.8
2017-01-20,NIFTY PHARMA.NSE_IDX,10385.8,10434.0,10281.8,10288.2
2017-01-23,NIFTY PHARMA.NSE_IDX,10268.9,10307.7,10195.5,10198.3
2017-01-24,NIFTY PHARMA.NSE_IDX,10229.0,10359.9,10228.0,10339.6
2017-01-25,NIFTY PHARMA.NSE_IDX,10373.0,10383.3,10315.8,10326.2
2017-01-27,NIFTY PHARMA.NSE_IDX,10331.4,10402.8,10327.3,10380.4
2017-01-30,NIFTY PHARMA.NSE_IDX,10367.0,10469.5,10356.7,10410.8
2017-01-31,NIFTY PHARMA.NSE_IDX,10439.2,10446.2,10218.0,10226.7
2017-02-01,NIFTY PHARMA.NSE_IDX,10222.8,10274.5,10065.7,10195.3
2017-02-02,NIFTY PHARMA.NSE_IDX,10209.3,10434.5,10128.3,10405.5
2017-02-03,NIFTY PHARMA.NSE_IDX,10474.0,10576.2,10417.8,10559.4
2017-02-06,NIFTY PHARMA.NSE_IDX,10630.0,10774.7,10510.8,10687.0
2017-02-07,NIFTY PHARMA.NSE_IDX,10722.4,10806.8,10570.9,10610.6
2017-02-08,NIFTY PHARMA.NSE_IDX,10623.4,10663.6,10523.5,10576.3
2017-02-09,NIFTY PHARMA.NSE_IDX,10639.8,10659.0,10521.7,10541.3
2017-02-10,NIFTY PHARMA.NSE_IDX,10573.0,10595.6,10417.6,10434.5
2017-02-13,NIFTY PHARMA.NSE_IDX,10465.9,10485.5,10341.7,10405.3
2017-02-14,NIFTY PHARMA.NSE_IDX,10435.5,10440.1,10269.1,10324.5
2017-02-15,NIFTY PHARMA.NSE_IDX,10334.2,10341.2,10124.8,10131.9
2017-02-16,NIFTY PHARMA.NSE_IDX,10157.5,10436.8,10105.5,10432.0
2017-02-17,NIFTY PHARMA.NSE_IDX,10485.5,10646.1,10431.8,10605.5
2017-02-20,NIFTY PHARMA.NSE_IDX,10647.0,10685.1,10574.2,10620.3
2017-02-21,NIFTY PHARMA.NSE_IDX,10645.8,10684.8,10607.2,10644.0
2017-02-22,NIFTY PHARMA.NSE_IDX,10657.8,10671.0,10530.0,10562.2
2017-02-23,NIFTY PHARMA.NSE_IDX,10605.0,10644.8,10535.5,10557.3
2017-02-27,NIFTY PHARMA.NSE_IDX,10576.7,10646.7,10534.9,10561.1
2017-02-28,NIFTY PHARMA.NSE_IDX,10595.3,10641.8,10573.0,10582.8
2017-03-01,NIFTY PHARMA.NSE_IDX,10618.6,10759.0,10609.8,10701.2
2017-03-02,NIFTY PHARMA.NSE_IDX,10738.3,10754.8,10512.5,10544.6
2017-03-03,NIFTY PHARMA.NSE_IDX,10528.2,10635.0,10513.0,10601.3
2017-03-06,NIFTY PHARMA.NSE_IDX,10615.5,10633.7,10568.3,10594.0
2017-03-07,NIFTY PHARMA.NSE_IDX,10627.9,10634.5,10530.2,10563.3
2017-03-08,NIFTY PHARMA.NSE_IDX,10554.5,10656.5,10521.0,10578.0
2017-03-09,NIFTY PHARMA.NSE_IDX,10525.5,10567.3,10481.2,10483.1
2017-03-10,NIFTY PHARMA.NSE_IDX,10487.9,10549.4,10444.3,10462.0
2017-03-14,NIFTY PHARMA.NSE_IDX,10581.0,10752.6,10468.8,10628.2
2017-03-15,NIFTY PHARMA.NSE_IDX,10706.1,10729.5,10661.7,10666.3
2017-03-16,NIFTY PHARMA.NSE_IDX,10723.3,10775.2,10698.5,10720.8
2017-03-17,NIFTY PHARMA.NSE_IDX,10773.8,10781.2,10643.8,10666.5
2017-03-20,NIFTY PHARMA.NSE_IDX,10695.4,10724.2,10673.3,10711.0
2017-03-21,NIFTY PHARMA.NSE_IDX,10642.3,10642.3,10425.2,10471.8
2017-03-22,NIFTY PHARMA.NSE_IDX,10400.9,10525.4,10373.3,10513.0
2017-03-23,NIFTY PHARMA.NSE_IDX,10538.7,10586.0,10499.8,10560.5
2017-03-24,NIFTY PHARMA.NSE_IDX,10578.5,10620.2,10516.7,10516.7
2017-03-27,NIFTY PHARMA.NSE_IDX,10513.8,10543.7,10427.5,10450.3
2017-03-28,NIFTY PHARMA.NSE_IDX,10480.3,10525.0,10455.3,10495.2
2017-03-29,NIFTY PHARMA.NSE_IDX,10504.4,10517.0,10401.8,10408.0
2017-03-30,NIFTY PHARMA.NSE_IDX,10436.3,10469.2,10389.5,10413.8
2017-03-31,NIFTY PHARMA.NSE_IDX,10416.8,10461.5,10390.0,10400.6
2017-04-03,NIFTY PHARMA.NSE_IDX,10426.4,10512.7,10398.7,10499.8
2017-04-05,NIFTY PHARMA.NSE_IDX,10544.3,10552.1,10499.5,10520.4
2017-04-06,NIFTY PHARMA.NSE_IDX,10536.0,10544.3,10434.9,10459.7
2017-04-07,NIFTY PHARMA.NSE_IDX,10433.5,10447.8,10260.7,10286.0
2017-04-10,NIFTY PHARMA.NSE_IDX,10314.2,10335.6,10275.2,10314.8
2017-04-11,NIFTY PHARMA.NSE_IDX,10340.5,10368.5,10321.4,10357.0
2017-04-12,NIFTY PHARMA.NSE_IDX,10360.8,10481.1,10257.3,10461.1
2017-04-13,NIFTY PHARMA.NSE_IDX,10494.9,10577.4,10448.0,10523.5
2017-04-17,NIFTY PHARMA.NSE_IDX,10527.8,10542.8,10432.8,10436.3
2017-04-18,NIFTY PHARMA.NSE_IDX,10481.7,10484.0,10343.5,10368.0
2017-04-19,NIFTY PHARMA.NSE_IDX,10382.9,10412.0,10307.3,10327.0
2017-04-20,NIFTY PHARMA.NSE_IDX,10351.2,10371.2,10282.5,10303.1
2017-04-21,NIFTY PHARMA.NSE_IDX,10291.1,10299.7,10192.5,10212.6
2017-04-24,NIFTY PHARMA.NSE_IDX,10175.0,10213.0,10103.3,10174.3
2017-04-25,NIFTY PHARMA.NSE_IDX,10223.0,10252.3,10197.3,10235.1
2017-04-26,NIFTY PHARMA.NSE_IDX,10230.5,10247.3,10137.3,10217.8
2017-04-27,NIFTY PHARMA.NSE_IDX,10219.0,10226.0,10079.5,10112.7
2017-04-28,NIFTY PHARMA.NSE_IDX,10132.9,10162.2,10075.0,10117.7
2017-05-02,NIFTY PHARMA.NSE_IDX,10131.8,10150.6,9979.65,10061.8
2017-05-03,NIFTY PHARMA.NSE_IDX,10058.4,10092.6,9959.1,9979.05
2017-05-04,NIFTY PHARMA.NSE_IDX,10000.9,10060.2,9942.65,9967.1
2017-05-05,NIFTY PHARMA.NSE_IDX,9966.2,10048.8,9908.7,9919.15
2017-05-08,NIFTY PHARMA.NSE_IDX,9949.45,10033.8,9924.5,10025.9
2017-05-09,NIFTY PHARMA.NSE_IDX,10039.2,10040.0,9940.1,9996.7
2017-05-10,NIFTY PHARMA.NSE_IDX,10028.4,10150.2,10023.7,10097.3
2017-05-11,NIFTY PHARMA.NSE_IDX,10134.0,10197.1,10113.1,10176.0
2017-05-12,NIFTY PHARMA.NSE_IDX,10128.3,10148.7,10014.3,10120.5
2017-05-15,NIFTY PHARMA.NSE_IDX,10156.3,10278.3,10114.0,10239.4
2017-05-16,NIFTY PHARMA.NSE_IDX,10281.5,10301.3,10212.5,10230.0
2017-05-17,NIFTY PHARMA.NSE_IDX,10251.2,10264.0,10183.7,10219.7
2017-05-18,NIFTY PHARMA.NSE_IDX,10139.8,10230.0,10126.5,10159.8
2017-05-19,NIFTY PHARMA.NSE_IDX,10216.3,10223.6,10114.0,10149.5
2017-05-22,NIFTY PHARMA.NSE_IDX,10201.7,10203.3,9936.6,9944.4
2017-05-23,NIFTY PHARMA.NSE_IDX,9907.95,9913.65,9528.95,9654.8
2017-05-24,NIFTY PHARMA.NSE_IDX,9644.9,9649.05,9385.55,9466.2
2017-05-25,NIFTY PHARMA.NSE_IDX,9433.5,9434.1,9082.85,9217.1
2017-05-26,NIFTY PHARMA.NSE_IDX,9181.55,9303.3,9033.75,9062.7
2017-05-29,NIFTY PHARMA.NSE_IDX,8873.65,8908.6,8634.9,8737.6
2017-05-30,NIFTY PHARMA.NSE_IDX,8749.45,9013.3,8725.3,9005.95
2017-05-31,NIFTY PHARMA.NSE_IDX,9056.5,9088.65,8958.4,9034.6
2017-06-01,NIFTY PHARMA.NSE_IDX,9050.4,9279.55,9039.05,9099.25
2017-06-02,NIFTY PHARMA.NSE_IDX,9183.4,9292.75,9169.65,9247.6
2017-06-05,NIFTY PHARMA.NSE_IDX,9272.95,9307.4,9218.85,9224.8
2017-06-06,NIFTY PHARMA.NSE_IDX,9276.8,9280.2,9149.9,9175.85
2017-06-07,NIFTY PHARMA.NSE_IDX,9197.35,9337.3,9156.85,9285.7
2017-06-08,NIFTY PHARMA.NSE_IDX,9316.65,9551.4,9304.05,9486.75
2017-06-09,NIFTY PHARMA.NSE_IDX,9519.3,9531.9,9406.05,9493.5
2017-06-12,NIFTY PHARMA.NSE_IDX,9503.8,9614.3,9494.55,9572.35
2017-06-13,NIFTY PHARMA.NSE_IDX,9674.75,9707.5,9580.75,9583.75
2017-06-14,NIFTY PHARMA.NSE_IDX,9638.6,9658.65,9540.85,9575.55
2017-06-15,NIFTY PHARMA.NSE_IDX,9571.25,9740.1,9554.65,9686.4
2017-06-16,NIFTY PHARMA.NSE_IDX,9736.65,9764.6,9506.15,9512.15
2017-06-19,NIFTY PHARMA.NSE_IDX,9557.25,9564.95,9422.65,9500.25
2017-06-20,NIFTY PHARMA.NSE_IDX,9504.65,9546.55,9449.6,9477.4
2017-06-21,NIFTY PHARMA.NSE_IDX,9501.8,9532.15,9402.5,9453.0
2017-06-22,NIFTY PHARMA.NSE_IDX,9464.85,9536.75,9448.25,9464.35
2017-06-23,NIFTY PHARMA.NSE_IDX,9483.75,9541.2,9409.15,9484.05
2017-06-27,NIFTY PHARMA.NSE_IDX,9514.7,9575.5,9399.55,9472.45
2017-06-28,NIFTY PHARMA.NSE_IDX,9454.65,9498.4,9402.6,9483.3
2017-06-29,NIFTY PHARMA.NSE_IDX,9504.75,9513.8,9408.4,9466.15
2017-06-30,NIFTY PHARMA.NSE_IDX,9436.3,9632.2,9420.75,9608.6
2017-07-03,NIFTY PHARMA.NSE_IDX,9640.7,9648.15,9563.45,9611.7
2017-07-04,NIFTY PHARMA.NSE_IDX,9654.7,9659.2,9497.6,9502.95
2017-07-05,NIFTY PHARMA.NSE_IDX,9526.55,9612.15,9498.95,9595.8
2017-07-06,NIFTY PHARMA.NSE_IDX,9624.6,9661.7,9580.1,9606.8
2017-07-07,NIFTY PHARMA.NSE_IDX,9622.05,9778.1,9611.8,9718.1
2017-07-10,NIFTY PHARMA.NSE_IDX,9722.8,9919.5,9705.3,9880.7
2017-07-11,NIFTY PHARMA.NSE_IDX,9913.45,9948.75,9782.5,9797.8
2017-07-12,NIFTY PHARMA.NSE_IDX,9827.35,9859.55,9775.9,9815.95
2017-07-13,NIFTY PHARMA.NSE_IDX,9822.65,9910.35,9820.1,9863.35
2017-07-14,NIFTY PHARMA.NSE_IDX,9894.65,9994.65,9875.4,9952.3
2017-07-17,NIFTY PHARMA.NSE_IDX,9992.85,10020.3,9933.0,9995.7
2017-07-18,NIFTY PHARMA.NSE_IDX,9979.0,10096.8,9968.95,10042.0
2017-07-19,NIFTY PHARMA.NSE_IDX,10125.7,10245.5,10118.6,10232.0
2017-07-20,NIFTY PHARMA.NSE_IDX,10258.2,10259.7,10125.2,10134.5
2017-07-21,NIFTY PHARMA.NSE_IDX,10130.6,10130.6,9992.35,10042.2
2017-07-24,NIFTY PHARMA.NSE_IDX,10086.7,10092.0,9964.7,9980.25
2017-07-25,NIFTY PHARMA.NSE_IDX,9989.4,10003.0,9907.8,9930.55
2017-07-26,NIFTY PHARMA.NSE_IDX,9966.35,10044.3,9920.0,10026.2
2017-07-27,NIFTY PHARMA.NSE_IDX,10047.8,10059.7,9845.95,9855.1
2017-07-28,NIFTY PHARMA.NSE_IDX,9811.9,9811.9,9641.15,9676.35
2017-07-31,NIFTY PHARMA.NSE_IDX,9699.35,9702.2,9456.7,9468.5
2017-08-01,NIFTY PHARMA.NSE_IDX,9486.15,9602.25,9482.35,9522.25
2017-08-02,NIFTY PHARMA.NSE_IDX,9555.6,9557.45,9434.3,9455.4
2017-08-03,NIFTY PHARMA.NSE_IDX,9480.5,9566.45,9308.4,9312.9
2017-08-04,NIFTY PHARMA.NSE_IDX,9278.2,9287.9,9104.2,9263.85
2017-08-07,NIFTY PHARMA.NSE_IDX,9283.75,9323.05,9210.45,9227.15
2017-08-08,NIFTY PHARMA.NSE_IDX,9240.05,9264.7,9109.35,9117.6
2017-08-09,NIFTY PHARMA.NSE_IDX,9070.3,9076.2,8714.9,8722.35
2017-08-10,NIFTY PHARMA.NSE_IDX,8753.25,8917.55,8390.6,8549.5
2017-08-11,NIFTY PHARMA.NSE_IDX,8435.9,8604.8,8314.5,8523.05
2017-08-14,NIFTY PHARMA.NSE_IDX,8492.65,8786.35,8483.65,8736.0
2017-08-16,NIFTY PHARMA.NSE_IDX,8807.95,8870.05,8679.2,8852.4
2017-08-17,NIFTY PHARMA.NSE_IDX,8881.75,8909.7,8779.5,8798.05
2017-08-18,NIFTY PHARMA.NSE_IDX,8743.95,8749.1,8576.85,8640.5
2017-08-21,NIFTY PHARMA.NSE_IDX,8687.25,8696.85,8468.7,8476.55
2017-08-22,NIFTY PHARMA.NSE_IDX,8569.4,8630.5,8494.55,8573.4
2017-08-23,NIFTY PHARMA.NSE_IDX,8632.6,8641.7,8580.85,8607.4
2017-08-24,NIFTY PHARMA.NSE_IDX,8631.9,8921.4,8628.7,8893.85
2017-08-28,NIFTY PHARMA.NSE_IDX,8939.45,9031.35,8896.8,8966.65
2017-08-29,NIFTY PHARMA.NSE_IDX,8947.4,8956.0,8845.65,8860.35
2017-08-30,NIFTY PHARMA.NSE_IDX,8939.3,8987.15,8894.6,8914.45
2017-08-31,NIFTY PHARMA.NSE_IDX,8927.45,8939.5,8841.15,8871.45
2017-09-01,NIFTY PHARMA.NSE_IDX,8933.15,9088.9,8925.4,9065.2
2017-09-04,NIFTY PHARMA.NSE_IDX,9076.6,9120.35,8929.4,9059.95
2017-09-05,NIFTY PHARMA.NSE_IDX,9117.85,9127.65,9003.95,9019.15
2017-09-06,NIFTY PHARMA.NSE_IDX,8978.55,8980.0,8883.75,8886.6
2017-09-07,NIFTY PHARMA.NSE_IDX,8942.85,8985.25,8873.0,8928.75
2017-09-08,NIFTY PHARMA.NSE_IDX,8954.0,8998.55,8793.25,8830.2
2017-09-11,NIFTY PHARMA.NSE_IDX,8884.45,8917.65,8787.65,8804.45
2017-09-12,NIFTY PHARMA.NSE_IDX,8853.7,9009.55,8795.85,8992.45
2017-09-13,NIFTY PHARMA.NSE_IDX,9011.5,9211.75,8967.25,9183.8
2017-09-14,NIFTY PHARMA.NSE_IDX,9260.9,9396.4,9246.8,9384.95
2017-09-15,NIFTY PHARMA.NSE_IDX,9310.05,9378.5,9237.85,9316.1
2017-09-18,NIFTY PHARMA.NSE_IDX,9380.3,9403.55,9217.55,9336.05
2017-09-19,NIFTY PHARMA.NSE_IDX,9356.4,9417.3,9269.6,9284.3
2017-09-20,NIFTY PHARMA.NSE_IDX,9327.4,9372.15,9231.8,9328.4
2017-09-21,NIFTY PHARMA.NSE_IDX,9367.25,9663.1,9363.3,9621.1
2017-09-22,NIFTY PHARMA.NSE_IDX,9628.2,9709.2,9428.8,9454.8
2017-09-25,NIFTY PHARMA.NSE_IDX,9470.7,9474.15,9239.4,9312.6
2017-09-26,NIFTY PHARMA.NSE_IDX,9303.65,9377.2,9234.95,9277.7
2017-09-27,NIFTY PHARMA.NSE_IDX,9254.75,9257.9,8997.25,9031.9
2017-09-28,NIFTY PHARMA.NSE_IDX,9038.5,9182.4,8977.25,9106.25
2017-09-29,NIFTY PHARMA.NSE_IDX,9129.2,9245.3,9112.0,9195.9
2017-10-03,NIFTY PHARMA.NSE_IDX,9281.9,9314.9,9196.15,9206.0
2017-10-04,NIFTY PHARMA.NSE_IDX,9245.2,9407.15,9208.15,9386.35
2017-10-05,NIFTY PHARMA.NSE_IDX,9411.35,9508.65,9377.35,9394.3
2017-10-06,NIFTY PHARMA.NSE_IDX,9445.2,9497.6,9402.5,9489.5
2017-10-09,NIFTY PHARMA.NSE_IDX,9483.85,9568.55,9463.8,9508.6
2017-10-10,NIFTY PHARMA.NSE_IDX,9548.3,9608.9,9506.75,9526.45
2017-10-11,NIFTY PHARMA.NSE_IDX,9561.45,9586.85,9385.15,9442.75
2017-10-12,NIFTY PHARMA.NSE_IDX,9557.8,9592.6,9483.5,9581.2
2017-10-13,NIFTY PHARMA.NSE_IDX,9593.8,9613.8,9526.35,9531.55
2017-10-16,NIFTY PHARMA.NSE_IDX,9593.65,9705.35,9579.45,9683.2
2017-10-17,NIFTY PHARMA.NSE_IDX,9677.4,9752.6,9638.85,9740.8
2017-10-18,NIFTY PHARMA.NSE_IDX,9747.65,9751.35,9611.6,9630.8
2017-10-23,NIFTY PHARMA.NSE_IDX,9641.5,9654.85,9495.75,9530.55
2017-10-24,NIFTY PHARMA.NSE_IDX,9558.6,9561.85,9479.55,9492.05
2017-10-25,NIFTY PHARMA.NSE_IDX,9528.75,9539.85,9332.65,9341.95
2017-10-26,NIFTY PHARMA.NSE_IDX,9385.35,9474.85,9302.2,9452.15
2017-10-27,NIFTY PHARMA.NSE_IDX,9511.65,9722.85,9488.05,9651.9
2017-10-30,NIFTY PHARMA.NSE_IDX,9688.8,9852.6,9599.1,9746.9
2017-10-31,NIFTY PHARMA.NSE_IDX,9748.95,9829.2,9697.95,9744.5
2017-11-01,NIFTY PHARMA.NSE_IDX,9766.2,9827.4,9694.2,9702.3
2017-11-02,NIFTY PHARMA.NSE_IDX,9809.3,10060.3,9808.3,9999.65
2017-11-03,NIFTY PHARMA.NSE_IDX,10044.2,10062.5,9845.35,9902.1
2017-11-06,NIFTY PHARMA.NSE_IDX,9890.45,9962.1,9854.2,9886.65
2017-11-07,NIFTY PHARMA.NSE_IDX,9943.35,9986.6,9364.25,9481.75
2017-11-08,NIFTY PHARMA.NSE_IDX,9550.05,9659.25,9483.4,9500.4
2017-11-09,NIFTY PHARMA.NSE_IDX,9597.8,9623.2,9289.05,9440.2
2017-11-10,NIFTY PHARMA.NSE_IDX,9459.35,9484.1,9262.5,9304.45
2017-11-13,NIFTY PHARMA.NSE_IDX,9332.05,9345.45,9168.7,9225.55
2017-11-14,NIFTY PHARMA.NSE_IDX,9239.7,9284.0,9174.3,9197.95
2017-11-15,NIFTY PHARMA.NSE_IDX,9165.55,9193.8,8990.15,9018.45
2017-11-16,NIFTY PHARMA.NSE_IDX,9051.6,9102.85,9003.6,9092.2
2017-11-17,NIFTY PHARMA.NSE_IDX,9161.8,9221.3,9137.45,9137.45
2017-11-20,NIFTY PHARMA.NSE_IDX,9183.75,9200.4,9119.9,9141.6
2017-11-21,NIFTY PHARMA.NSE_IDX,9176.5,9419.35,9155.2,9347.1
2017-11-22,NIFTY PHARMA.NSE_IDX,9359.7,9365.5,9255.9,9287.85
2017-11-23,NIFTY PHARMA.NSE_IDX,9287.75,9321.6,9244.75,9298.05
2017-11-24,NIFTY PHARMA.NSE_IDX,9325.85,9371.05,9292.95,9364.55
2017-11-27,NIFTY PHARMA.NSE_IDX,9322.05,9392.85,9294.35,9362.15
2017-11-28,NIFTY PHARMA.NSE_IDX,9371.65,9396.65,9285.4,9312.15
2017-11-29,NIFTY PHARMA.NSE_IDX,9336.85,9401.45,9327.8,9347.3
2017-11-30,NIFTY PHARMA.NSE_IDX,9322.35,9364.5,9219.4,9248.05
2017-12-01,NIFTY PHARMA.NSE_IDX,9279.25,9301.2,9055.95,9094.55
2017-12-04,NIFTY PHARMA.NSE_IDX,9147.15,9152.9,9010.7,9069.95
2017-12-05,NIFTY PHARMA.NSE_IDX,9035.4,9074.65,8981.95,9040.5
2017-12-06,NIFTY PHARMA.NSE_IDX,9038.6,9063.25,8923.55,8938.5
2017-12-07,NIFTY PHARMA.NSE_IDX,8945.85,9016.15,8923.55,8968.3
2017-12-08,NIFTY PHARMA.NSE_IDX,8981.1,9121.65,8977.85,9118.35
2017-12-11,NIFTY PHARMA.NSE_IDX,9155.25,9206.1,9129.95,9189.1
2017-12-12,NIFTY PHARMA.NSE_IDX,9263.55,9273.15,9099.2,9119.6
2017-12-13,NIFTY PHARMA.NSE_IDX,9138.4,9160.4,8982.15,9011.0
2017-12-14,NIFTY PHARMA.NSE_IDX,9046.15,9087.95,8975.45,9078.15
2017-12-15,NIFTY PHARMA.NSE_IDX,9152.45,9162.25,9081.1,9095.25
2017-12-18,NIFTY PHARMA.NSE_IDX,9087.3,9286.4,8921.3,9228.1
2017-12-19,NIFTY PHARMA.NSE_IDX,9270.1,9313.65,9233.45,9305.7
2017-12-20,NIFTY PHARMA.NSE_IDX,9306.85,9365.8,9260.35,9285.4
2017-12-21,NIFTY PHARMA.NSE_IDX,9337.05,9418.15,9303.1,9317.2
2017-12-22,NIFTY PHARMA.NSE_IDX,9344.95,9361.0,9309.2,9320.1
2017-12-26,NIFTY PHARMA.NSE_IDX,9334.65,9436.1,9307.45,9411.25
2017-12-27,NIFTY PHARMA.NSE_IDX,9452.45,9699.65,9438.5,9623.0
2017-12-28,NIFTY PHARMA.NSE_IDX,9687.3,9732.9,9559.65,9607.55
2017-12-29,NIFTY PHARMA.NSE_IDX,9634.7,9675.1,9590.75,9616.6
2018-01-01,NIFTY PHARMA.NSE_IDX,9631.45,9740.6,9588.95,9634.6
2018-01-02,NIFTY PHARMA.NSE_IDX,9665.55,9708.45,9531.0,9577.55
2018-01-03,NIFTY PHARMA.NSE_IDX,9573.15,9605.15,9505.55,9521.85
2018-01-04,NIFTY PHARMA.NSE_IDX,9536.35,9649.05,9476.45,9645.0
2018-01-05,NIFTY PHARMA.NSE_IDX,9655.95,9717.15,9614.2,9694.9
2018-01-08,NIFTY PHARMA.NSE_IDX,9760.05,9939.05,9750.65,9834.65
2018-01-09,NIFTY PHARMA.NSE_IDX,9854.1,9875.7,9747.0,9767.05
2018-01-10,NIFTY PHARMA.NSE_IDX,9790.25,9863.5,9716.1,9746.85
2018-01-11,NIFTY PHARMA.NSE_IDX,9745.05,9849.8,9708.6,9769.65
2018-01-12,NIFTY PHARMA.NSE_IDX,9793.3,9825.2,9656.0,9733.05
2018-01-15,NIFTY PHARMA.NSE_IDX,9761.55,9776.55,9650.0,9657.1
2018-01-16,NIFTY PHARMA.NSE_IDX,9673.8,9722.05,9589.4,9626.35
2018-01-17,NIFTY PHARMA.NSE_IDX,9650.4,9757.95,9565.95,9743.3
2018-01-18,NIFTY PHARMA.NSE_IDX,9783.15,9819.4,9581.55,9624.55
2018-01-19,NIFTY PHARMA.NSE_IDX,9653.5,9668.55,9566.7,9636.1
2018-01-22,NIFTY PHARMA.NSE_IDX,9633.15,9680.95,9587.1,9665.7
2018-01-23,NIFTY PHARMA.NSE_IDX,9685.8,9827.35,9670.85,9756.15
2018-01-24,NIFTY PHARMA.NSE_IDX,9755.6,9903.4,9717.1,9825.6
2018-01-25,NIFTY PHARMA.NSE_IDX,9855.35,9920.55,9715.8,9730.7
2018-01-29,NIFTY PHARMA.NSE_IDX,9722.95,9752.05,9592.4,9598.45
2018-01-30,NIFTY PHARMA.NSE_IDX,9605.15,9605.15,9500.2,9563.45
2018-01-31,NIFTY PHARMA.NSE_IDX,9559.0,9565.3,9329.2,9381.5
2018-02-01,NIFTY PHARMA.NSE_IDX,9391.7,9391.7,9075.75,9184.15
2018-02-02,NIFTY PHARMA.NSE_IDX,9104.25,9305.6,9014.0,9023.65
2018-02-05,NIFTY PHARMA.NSE_IDX,8914.4,9095.9,8859.65,9080.1
2018-02-06,NIFTY PHARMA.NSE_IDX,8787.9,8962.75,8729.1,8836.75
2018-02-07,NIFTY PHARMA.NSE_IDX,8973.3,8975.9,8879.4,8913.25
2018-02-08,NIFTY PHARMA.NSE_IDX,8950.75,9282.2,8927.85,9269.8
2018-02-09,NIFTY PHARMA.NSE_IDX,9069.0,9245.9,9044.3,9235.45
2018-02-12,NIFTY PHARMA.NSE_IDX,9305.5,9453.75,9271.0,9324.45
2018-02-14,NIFTY PHARMA.NSE_IDX,9373.95,9374.0,9212.25,9221.35
2018-02-15,NIFTY PHARMA.NSE_IDX,9242.55,9327.7,9186.55,9213.75
2018-02-16,NIFTY PHARMA.NSE_IDX,9238.5,9262.15,9141.05,9175.2
2018-02-19,NIFTY PHARMA.NSE_IDX,9193.95,9198.65,8941.9,9028.0
2018-02-20,NIFTY PHARMA.NSE_IDX,9056.75,9086.5,8982.1,9022.05
2018-02-21,NIFTY PHARMA.NSE_IDX,9065.95,9073.5,8753.55,8834.75
2018-02-22,NIFTY PHARMA.NSE_IDX,8843.65,8901.45,8787.05,8879.5
2018-02-23,NIFTY PHARMA.NSE_IDX,8939.55,9124.7,8909.8,9109.5
2018-02-26,NIFTY PHARMA.NSE_IDX,9097.85,9097.85,9016.7,9064.8
2018-02-27,NIFTY PHARMA.NSE_IDX,9090.05,9146.6,9002.55,9018.8
2018-02-28,NIFTY PHARMA.NSE_IDX,8983.4,9093.05,8938.95,8961.25
2018-03-01,NIFTY PHARMA.NSE_IDX,8971.65,9003.9,8905.2,8911.45
2018-03-05,NIFTY PHARMA.NSE_IDX,8905.55,8905.55,8770.8,8854.1
2018-03-06,NIFTY PHARMA.NSE_IDX,8951.3,8955.6,8723.8,8736.85
2018-03-07,NIFTY PHARMA.NSE_IDX,8756.3,8756.3,8600.95,8603.4
2018-03-08,NIFTY PHARMA.NSE_IDX,8674.6,8696.55,8499.85,8559.95
2018-03-09,NIFTY PHARMA.NSE_IDX,8616.25,8688.0,8491.5,8515.05
2018-03-12,NIFTY PHARMA.NSE_IDX,8587.25,8618.15,8492.7,8606.15
2018-03-13,NIFTY PHARMA.NSE_IDX,8595.0,8739.8,8593.2,8730.5
2018-03-14,NIFTY PHARMA.NSE_IDX,8704.2,8726.8,8656.7,8707.1
2018-03-15,NIFTY PHARMA.NSE_IDX,8708.3,8796.1,8644.85,8658.4
2018-03-16,NIFTY PHARMA.NSE_IDX,8655.55,8738.3,8528.7,8566.5
2018-03-19,NIFTY PHARMA.NSE_IDX,8598.0,8618.15,8490.4,8497.15
2018-03-20,NIFTY PHARMA.NSE_IDX,8482.2,8601.2,8395.3,8590.65
2018-03-21,NIFTY PHARMA.NSE_IDX,8641.15,8674.1,8505.5,8530.75
2018-03-22,NIFTY PHARMA.NSE_IDX,8599.7,8625.7,8459.0,8468.25
2018-03-23,NIFTY PHARMA.NSE_IDX,8381.0,8406.05,8280.45,8318.4
2018-03-26,NIFTY PHARMA.NSE_IDX,8334.1,8406.25,8282.05,8394.65
2018-03-27,NIFTY PHARMA.NSE_IDX,8436.4,8491.7,8417.7,8455.5
2018-03-28,NIFTY PHARMA.NSE_IDX,8441.65,8456.7,8332.15,8374.4
2018-04-02,NIFTY PHARMA.NSE_IDX,8425.4,8637.4,8385.3,8627.15
2018-04-03,NIFTY PHARMA.NSE_IDX,8585.1,8701.55,8568.55,8662.25
2018-04-04,NIFTY PHARMA.NSE_IDX,8718.25,8732.05,8545.65,8569.0
2018-04-05,NIFTY PHARMA.NSE_IDX,8644.65,8732.95,8621.15,8655.35
2018-04-06,NIFTY PHARMA.NSE_IDX,8652.25,8808.55,8643.9,8757.85
2018-04-09,NIFTY PHARMA.NSE_IDX,8777.25,8841.55,8721.05,8740.15
2018-04-10,NIFTY PHARMA.NSE_IDX,8768.6,8816.8,8698.75,8719.05
2018-04-11,NIFTY PHARMA.NSE_IDX,8760.25,8789.25,8691.65,8748.3
2018-04-12,NIFTY PHARMA.NSE_IDX,8745.7,8752.6,8669.2,8669.95
2018-04-13,NIFTY PHARMA.NSE_IDX,8694.8,8787.1,8678.05,8721.4
2018-04-16,NIFTY PHARMA.NSE_IDX,8712.5,8877.1,8696.25,8871.65
2018-04-17,NIFTY PHARMA.NSE_IDX,8893.95,8893.95,8803.45,8828.95
2018-04-18,NIFTY PHARMA.NSE_IDX,8851.35,8904.1,8772.8,8794.35
2018-04-19,NIFTY PHARMA.NSE_IDX,8842.6,8848.15,8768.9,8825.3
2018-04-20,NIFTY PHARMA.NSE_IDX,8818.05,8846.35,8769.35,8819.7
2018-04-23,NIFTY PHARMA.NSE_IDX,8802.6,8976.8,8781.1,8962.55
2018-04-24,NIFTY PHARMA.NSE_IDX,8983.1,9092.7,8950.2,8983.55
2018-04-25,NIFTY PHARMA.NSE_IDX,8966.65,8973.45,8859.8,8898.25
2018-04-26,NIFTY PHARMA.NSE_IDX,8917.95,8996.55,8883.1,8914.1
2018-04-27,NIFTY PHARMA.NSE_IDX,8960.0,9022.05,8914.65,9005.5
2018-04-30,NIFTY PHARMA.NSE_IDX,9032.7,9090.85,9017.95,9053.9
2018-05-02,NIFTY PHARMA.NSE_IDX,9088.95,9110.55,8921.75,8976.25
2018-05-03,NIFTY PHARMA.NSE_IDX,8971.5,8977.7,8796.85,8961.9
2018-05-04,NIFTY PHARMA.NSE_IDX,8963.25,8963.85,8801.6,8818.65
2018-05-07,NIFTY PHARMA.NSE_IDX,8833.7,8848.35,8674.2,8775.9
2018-05-08,NIFTY PHARMA.NSE_IDX,8816.05,8882.35,8734.95,8746.35
2018-05-09,NIFTY PHARMA.NSE_IDX,8754.75,8766.05,8693.5,8712.05
2018-05-10,NIFTY PHARMA.NSE_IDX,8728.55,8734.35,8518.7,8530.7
2018-05-11,NIFTY PHARMA.NSE_IDX,8565.45,8565.45,8403.35,8438.55
2018-05-14,NIFTY PHARMA.NSE_IDX,8467.15,8598.05,8438.0,8442.75
2018-05-15,NIFTY PHARMA.NSE_IDX,8452.7,8520.55,8313.0,8425.55
2018-05-16,NIFTY PHARMA.NSE_IDX,8386.0,8425.1,8287.1,8399.15
2018-05-17,NIFTY PHARMA.NSE_IDX,8418.55,8461.25,8328.85,8425.35
2018-05-18,NIFTY PHARMA.NSE_IDX,8443.75,8443.75,8195.35,8204.95
2018-05-21,NIFTY PHARMA.NSE_IDX,8214.6,8218.15,7956.05,7971.9
2018-05-22,NIFTY PHARMA.NSE_IDX,8015.55,8152.1,7900.35,8129.95
2018-05-23,NIFTY PHARMA.NSE_IDX,8100.85,8239.35,8050.0,8074.45
2018-05-24,NIFTY PHARMA.NSE_IDX,8116.5,8231.65,8063.3,8225.45
2018-05-25,NIFTY PHARMA.NSE_IDX,8247.7,8320.1,8156.35,8309.2
2018-05-28,NIFTY PHARMA.NSE_IDX,8407.75,8553.6,8381.3,8484.95
2018-05-29,NIFTY PHARMA.NSE_IDX,8466.35,8556.3,8381.5,8396.3
2018-05-30,NIFTY PHARMA.NSE_IDX,8346.75,8411.15,8297.75,8306.6
2018-05-31,NIFTY PHARMA.NSE_IDX,8355.35,8355.35,8181.3,8232.25
2018-06-01,NIFTY PHARMA.NSE_IDX,8255.4,8297.8,8181.6,8222.05
2018-06-04,NIFTY PHARMA.NSE_IDX,8264.1,8323.5,8176.8,8199.95
2018-06-05,NIFTY PHARMA.NSE_IDX,8218.75,8232.05,8019.3,8131.4
2018-06-06,NIFTY PHARMA.NSE_IDX,8133.15,8245.1,8078.3,8235.3
2018-06-07,NIFTY PHARMA.NSE_IDX,8254.05,8294.0,8210.9,8246.45
2018-06-08,NIFTY PHARMA.NSE_IDX,8234.75,8647.15,8220.95,8593.8
2018-06-11,NIFTY PHARMA.NSE_IDX,8628.3,8780.75,8610.95,8638.55
2018-06-12,NIFTY PHARMA.NSE_IDX,8671.5,8902.6,8665.45,8887.1
2018-06-13,NIFTY PHARMA.NSE_IDX,8958.15,9084.35,8914.2,8949.1
2018-06-14,NIFTY PHARMA.NSE_IDX,8945.7,9133.45,8923.25,9131.85
2018-06-15,NIFTY PHARMA.NSE_IDX,9165.2,9352.2,9151.45,9313.3
2018-06-18,NIFTY PHARMA.NSE_IDX,9317.95,9390.55,9190.05,9336.7
2018-06-19,NIFTY PHARMA.NSE_IDX,9321.2,9424.15,9234.3,9249.2
2018-06-20,NIFTY PHARMA.NSE_IDX,9295.85,9371.55,9204.8,9293.7
2018-06-21,NIFTY PHARMA.NSE_IDX,9334.55,9345.85,9177.5,9188.65
2018-06-22,NIFTY PHARMA.NSE_IDX,9196.75,9389.0,9082.25,9368.15
2018-06-25,NIFTY PHARMA.NSE_IDX,9362.7,9469.9,9260.65,9264.3
2018-06-26,NIFTY PHARMA.NSE_IDX,9276.2,9305.4,9228.4,9244.4
2018-06-27,NIFTY PHARMA.NSE_IDX,9283.4,9305.1,9179.5,9253.85
2018-06-28,NIFTY PHARMA.NSE_IDX,9274.95,9344.15,9119.7,9150.05
2018-06-29,NIFTY PHARMA.NSE_IDX,9173.3,9218.6,9083.5,9172.45
2018-07-02,NIFTY PHARMA.NSE_IDX,9194.35,9223.75,9092.3,9125.35
2018-07-03,NIFTY PHARMA.NSE_IDX,9158.25,9348.35,9079.6,9331.0
2018-07-04,NIFTY PHARMA.NSE_IDX,9358.55,9460.95,9337.7,9395.3
2018-07-05,NIFTY PHARMA.NSE_IDX,9430.9,9462.4,9255.6,9277.0
2018-07-06,NIFTY PHARMA.NSE_IDX,9268.65,9360.0,9159.0,9188.25
2018-07-09,NIFTY PHARMA.NSE_IDX,9241.95,9336.75,9236.5,9309.8
2018-07-10,NIFTY PHARMA.NSE_IDX,9346.45,9356.5,9225.35,9274.8
2018-07-11,NIFTY PHARMA.NSE_IDX,9259.65,9330.55,9208.05,9214.25
2018-07-12,NIFTY PHARMA.NSE_IDX,9279.35,9348.3,9198.6,9244.55
2018-07-13,NIFTY PHARMA.NSE_IDX,9255.65,9275.8,9142.2,9161.45
2018-07-16,NIFTY PHARMA.NSE_IDX,9052.45,9132.3,8753.9,8784.3
2018-07-17,NIFTY PHARMA.NSE_IDX,8793.3,8955.55,8743.85,8924.25
2018-07-18,NIFTY PHARMA.NSE_IDX,8952.1,8997.1,8833.4,8884.25
2018-07-19,NIFTY PHARMA.NSE_IDX,8913.95,8914.85,8724.65,8752.15
2018-07-20,NIFTY PHARMA.NSE_IDX,8759.35,8914.5,8727.7,8897.6
2018-07-23,NIFTY PHARMA.NSE_IDX,8908.6,8951.65,8858.15,8934.55
2018-07-24,NIFTY PHARMA.NSE_IDX,8953.7,9063.65,8929.45,9039.0
2018-07-25,NIFTY PHARMA.NSE_IDX,9098.45,9098.45,8942.4,8947.95
2018-07-26,NIFTY PHARMA.NSE_IDX,8938.7,9054.05,8908.6,8979.35
2018-07-27,NIFTY PHARMA.NSE_IDX,9011.95,9106.4,8982.25,9033.45
2018-07-30,NIFTY PHARMA.NSE_IDX,9029.25,9156.7,8978.4,9112.75
2018-07-31,NIFTY PHARMA.NSE_IDX,9125.95,9210.75,9088.0,9176.95
2018-08-01,NIFTY PHARMA.NSE_IDX,9192.9,9313.05,9168.5,9293.6
2018-08-02,NIFTY PHARMA.NSE_IDX,9313.95,9518.7,9302.55,9424.4
2018-08-03,NIFTY PHARMA.NSE_IDX,9473.0,9558.5,9463.1,9500.05
2018-08-06,NIFTY PHARMA.NSE_IDX,9551.4,9597.4,9396.45,9422.4
2018-08-07,NIFTY PHARMA.NSE_IDX,9448.45,9457.8,9327.75,9365.6
2018-08-08,NIFTY PHARMA.NSE_IDX,9379.25,9442.35,9275.55,9329.05
2018-08-09,NIFTY PHARMA.NSE_IDX,9356.2,9434.15,9199.25,9264.4
2018-08-10,NIFTY PHARMA.NSE_IDX,9247.0,9281.9,9102.55,9141.8
2018-08-13,NIFTY PHARMA.NSE_IDX,9118.2,9245.15,9094.25,9195.85
2018-08-14,NIFTY PHARMA.NSE_IDX,9202.05,9529.45,9147.6,9509.75
2018-08-16,NIFTY PHARMA.NSE_IDX,9528.5,9613.0,9474.7,9606.75
2018-08-17,NIFTY PHARMA.NSE_IDX,9651.0,9780.95,9639.9,9680.95
2018-08-20,NIFTY PHARMA.NSE_IDX,9733.9,9824.4,9723.35,9795.85
2018-08-21,NIFTY PHARMA.NSE_IDX,9828.45,9992.75,9745.05,9963.1
2018-08-23,NIFTY PHARMA.NSE_IDX,9999.45,10142.45,9999.45,10064.8
2018-08-24,NIFTY PHARMA.NSE_IDX,10084.45,10086.35,9879.0,10073.2
2018-08-27,NIFTY PHARMA.NSE_IDX,10124.9,10152.7,10028.25,10096.25
2018-08-28,NIFTY PHARMA.NSE_IDX,10135.95,10243.2,10030.25,10051.85
2018-08-29,NIFTY PHARMA.NSE_IDX,10071.15,10136.4,9980.85,9994.85
2018-08-30,NIFTY PHARMA.NSE_IDX,10024.7,10148.3,10001.35,10142.4
2018-08-31,NIFTY PHARMA.NSE_IDX,10164.5,10445.05,10155.15,10388.95
2018-09-03,NIFTY PHARMA.NSE_IDX,10448.5,10577.85,10318.45,10344.55
2018-09-04,NIFTY PHARMA.NSE_IDX,10390.45,10422.45,10119.8,10214.35
2018-09-05,NIFTY PHARMA.NSE_IDX,10218.2,10378.7,10170.6,10311.4
2018-09-06,NIFTY PHARMA.NSE_IDX,10371.8,10595.55,10333.5,10585.2
2018-09-07,NIFTY PHARMA.NSE_IDX,10483.4,10704.6,10361.8,10649.05
2018-09-10,NIFTY PHARMA.NSE_IDX,10626.3,10786.35,10414.55,10441.35
2018-09-11,NIFTY PHARMA.NSE_IDX,10511.95,10577.85,10244.35,10292.9
2018-09-12,NIFTY PHARMA.NSE_IDX,10270.35,10417.4,10152.45,10387.0
2018-09-14,NIFTY PHARMA.NSE_IDX,10551.75,10673.1,10499.4,10638.1
2018-09-17,NIFTY PHARMA.NSE_IDX,10614.0,10739.7,10474.4,10505.7
2018-09-18,NIFTY PHARMA.NSE_IDX,10536.2,10652.85,10433.7,10497.4
2018-09-19,NIFTY PHARMA.NSE_IDX,10559.75,10636.85,10341.7,10478.55
2018-09-21,NIFTY PHARMA.NSE_IDX,10543.75,10605.35,9861.35,10295.05
2018-09-24,NIFTY PHARMA.NSE_IDX,10333.8,10375.2,9952.2,9997.8
2018-09-25,NIFTY PHARMA.NSE_IDX,10014.1,10269.35,9992.85,10258.8
2018-09-26,NIFTY PHARMA.NSE_IDX,10279.95,10440.4,10213.35,10276.15
2018-09-27,NIFTY PHARMA.NSE_IDX,10328.45,10336.05,10077.15,10104.35
2018-09-28,NIFTY PHARMA.NSE_IDX,10126.8,10149.45,9881.55,9964.25
2018-10-01,NIFTY PHARMA.NSE_IDX,9971.75,10067.55,9775.7,10046.55
2018-10-03,NIFTY PHARMA.NSE_IDX,10041.05,10142.55,9924.85,9938.8
2018-10-04,NIFTY PHARMA.NSE_IDX,9856.9,9918.35,9496.0,9603.35
2018-10-05,NIFTY PHARMA.NSE_IDX,9586.4,9776.45,9498.2,9513.85
2018-10-08,NIFTY PHARMA.NSE_IDX,9513.15,9644.35,9384.2,9493.7
2018-10-09,NIFTY PHARMA.NSE_IDX,9553.45,9724.4,9414.85,9637.85
2018-10-10,NIFTY PHARMA.NSE_IDX,9677.45,9828.3,9647.5,9777.7
2018-10-11,NIFTY PHARMA.NSE_IDX,9541.7,9725.7,9452.1,9489.75
2018-10-12,NIFTY PHARMA.NSE_IDX,9556.45,9676.95,9449.5,9537.8
2018-10-15,NIFTY PHARMA.NSE_IDX,9554.9,9793.2,9519.0,9788.55
2018-10-16,NIFTY PHARMA.NSE_IDX,9808.35,9881.1,9727.3,9830.7
2018-10-17,NIFTY PHARMA.NSE_IDX,9913.8,9925.05,9652.95,9688.2
2018-10-19,NIFTY PHARMA.NSE_IDX,9643.75,9805.3,9549.9,9637.8
2018-10-22,NIFTY PHARMA.NSE_IDX,9713.2,9751.8,9631.65,9666.6
2018-10-23,NIFTY PHARMA.NSE_IDX,9596.8,9633.95,9335.25,9393.1
2018-10-24,NIFTY PHARMA.NSE_IDX,9451.25,9494.05,9232.9,9333.0
2018-10-25,NIFTY PHARMA.NSE_IDX,9247.95,9345.35,9118.25,9161.9
2018-10-26,NIFTY PHARMA.NSE_IDX,9185.45,9191.0,9021.2,9085.2
2018-10-29,NIFTY PHARMA.NSE_IDX,9186.45,9612.95,9178.4,9567.0
2018-10-30,NIFTY PHARMA.NSE_IDX,9587.55,9626.55,9492.0,9548.4
2018-10-31,NIFTY PHARMA.NSE_IDX,9480.2,9778.25,9436.7,9730.0
2018-11-01,NIFTY PHARMA.NSE_IDX,9775.55,9801.95,9589.15,9625.55
2018-11-02,NIFTY PHARMA.NSE_IDX,9662.9,9690.95,9520.95,9537.75
2018-11-05,NIFTY PHARMA.NSE_IDX,9528.1,9658.6,9369.4,9478.85
2018-11-06,NIFTY PHARMA.NSE_IDX,9432.1,9507.25,9400.5,9452.2
2018-11-09,NIFTY PHARMA.NSE_IDX,9549.55,9682.3,9513.95,9630.0
2018-11-12,NIFTY PHARMA.NSE_IDX,9685.25,9730.85,9539.75,9554.4
2018-11-13,NIFTY PHARMA.NSE_IDX,9571.15,9603.25,9327.05,9423.35
2018-11-14,NIFTY PHARMA.NSE_IDX,9440.95,9447.85,9153.4,9217.25
2018-11-15,NIFTY PHARMA.NSE_IDX,9237.05,9305.9,9162.55,9230.3
2018-11-16,NIFTY PHARMA.NSE_IDX,9259.9,9358.7,9230.2,9305.0
2018-11-19,NIFTY PHARMA.NSE_IDX,9363.05,9416.15,9310.45,9395.95
2018-11-20,NIFTY PHARMA.NSE_IDX,9368.2,9383.8,9200.95,9211.3
2018-11-21,NIFTY PHARMA.NSE_IDX,9326.55,9415.85,9305.95,9377.35
2018-11-22,NIFTY PHARMA.NSE_IDX,9373.4,9381.55,9287.25,9297.45
2018-11-26,NIFTY PHARMA.NSE_IDX,9325.4,9352.4,9104.0,9189.3
2018-11-27,NIFTY PHARMA.NSE_IDX,9249.5,9274.4,8977.5,9037.7
2018-11-28,NIFTY PHARMA.NSE_IDX,9035.1,9090.95,8965.85,9011.9
2018-11-29,NIFTY PHARMA.NSE_IDX,9041.1,9127.95,9015.85,9087.85
2018-11-30,NIFTY PHARMA.NSE_IDX,9111.35,9289.55,9107.7,9257.05
2018-12-03,NIFTY PHARMA.NSE_IDX,9150.4,9150.4,8985.15,9056.1
2018-12-04,NIFTY PHARMA.NSE_IDX,9059.85,9157.6,9040.85,9062.45
2018-12-05,NIFTY PHARMA.NSE_IDX,9063.0,9075.95,8717.4,8834.1
2018-12-06,NIFTY PHARMA.NSE_IDX,8787.3,8854.15,8653.0,8668.65
2018-12-07,NIFTY PHARMA.NSE_IDX,8756.3,8811.85,8641.85,8672.2
2018-12-10,NIFTY PHARMA.NSE_IDX,8558.3,8615.85,8504.9,8527.2
2018-12-11,NIFTY PHARMA.NSE_IDX,8438.05,8788.8,8430.85,8765.25
2018-12-12,NIFTY PHARMA.NSE_IDX,8770.2,8859.45,8691.0,8809.5
2018-12-13,NIFTY PHARMA.NSE_IDX,8794.7,8870.05,8720.7,8819.3
2018-12-14,NIFTY PHARMA.NSE_IDX,8800.05,8860.45,8660.4,8722.55
2018-12-17,NIFTY PHARMA.NSE_IDX,8778.75,8829.8,8746.5,8763.15
2018-12-18,NIFTY PHARMA.NSE_IDX,8748.95,8853.1,8716.0,8846.0
2018-12-19,NIFTY PHARMA.NSE_IDX,8864.4,8893.85,8804.9,8817.95
2018-12-20,NIFTY PHARMA.NSE_IDX,8774.7,8877.85,8774.7,8857.95
2018-12-21,NIFTY PHARMA.NSE_IDX,8855.95,8913.65,8741.25,8772.2
2018-12-24,NIFTY PHARMA.NSE_IDX,8812.1,8850.9,8699.45,8722.2
2018-12-26,NIFTY PHARMA.NSE_IDX,8700.8,8710.65,8549.4,8690.9
2018-12-27,NIFTY PHARMA.NSE_IDX,8774.9,8779.25,8653.85,8676.5
2018-12-28,NIFTY PHARMA.NSE_IDX,8714.45,8840.45,8698.05,8811.05
2018-12-31,NIFTY PHARMA.NSE_IDX,8868.55,8905.3,8824.2,8862.7
2019-01-01,NIFTY PHARMA.NSE_IDX,8892.75,8929.7,8852.65,8877.6
2019-01-02,NIFTY PHARMA.NSE_IDX,8848.05,8884.1,8765.3,8835.35
2019-01-03,NIFTY PHARMA.NSE_IDX,8857.7,8867.55,8704.5,8711.85
2019-01-04,NIFTY PHARMA.NSE_IDX,8749.1,8804.05,8683.8,8788.65
2019-01-07,NIFTY PHARMA.NSE_IDX,8835.25,8847.15,8711.5,8732.55
2019-01-08,NIFTY PHARMA.NSE_IDX,8765.05,8873.15,8754.15,8869.25
2019-01-09,NIFTY PHARMA.NSE_IDX,8902.1,8930.45,8831.8,8892.4
2019-01-10,NIFTY PHARMA.NSE_IDX,8881.05,8945.25,8866.35,8939.45
2019-01-11,NIFTY PHARMA.NSE_IDX,8944.5,8968.65,8867.45,8892.0
2019-01-14,NIFTY PHARMA.NSE_IDX,8917.8,8961.25,8879.7,8949.65
2019-01-15,NIFTY PHARMA.NSE_IDX,8986.4,9035.4,8958.6,9020.5
2019-01-16,NIFTY PHARMA.NSE_IDX,9023.35,9069.5,8989.75,9044.95
2019-01-17,NIFTY PHARMA.NSE_IDX,9074.15,9097.55,8905.4,8910.95
2019-01-18,NIFTY PHARMA.NSE_IDX,8912.55,8912.55,8616.85,8692.75
2019-01-21,NIFTY PHARMA.NSE_IDX,8701.1,8833.7,8694.2,8736.0
2019-01-22,NIFTY PHARMA.NSE_IDX,8800.6,8903.3,8783.05,8884.0
2019-01-23,NIFTY PHARMA.NSE_IDX,8900.75,8969.5,8855.1,8941.85
2019-01-24,NIFTY PHARMA.NSE_IDX,8943.95,9001.05,8845.95,8898.85
2019-01-25,NIFTY PHARMA.NSE_IDX,8932.2,8960.65,8851.75,8883.5
2019-01-28,NIFTY PHARMA.NSE_IDX,8875.15,8886.15,8638.25,8660.9
2019-01-29,NIFTY PHARMA.NSE_IDX,8638.95,8786.55,8562.35,8751.1
2019-01-30,NIFTY PHARMA.NSE_IDX,8762.65,8784.0,8692.9,8718.75
2019-01-31,NIFTY PHARMA.NSE_IDX,8754.4,8866.55,8713.8,8806.7
2019-02-01,NIFTY PHARMA.NSE_IDX,8814.8,8991.95,8806.4,8983.45
2019-02-04,NIFTY PHARMA.NSE_IDX,8972.75,8998.25,8772.9,8801.95
2019-02-05,NIFTY PHARMA.NSE_IDX,8838.4,8887.45,8764.5,8793.6
2019-02-06,NIFTY PHARMA.NSE_IDX,8807.1,8955.0,8703.4,8951.25
2019-02-07,NIFTY PHARMA.NSE_IDX,8943.8,9088.55,8937.95,9043.4
2019-02-08,NIFTY PHARMA.NSE_IDX,9043.25,9060.8,8921.6,8989.75
2019-02-11,NIFTY PHARMA.NSE_IDX,8935.8,8957.3,8772.6,8834.15
2019-02-12,NIFTY PHARMA.NSE_IDX,8846.1,8948.05,8795.25,8942.5
2019-02-13,NIFTY PHARMA.NSE_IDX,8977.05,9009.15,8803.55,8822.05
2019-02-14,NIFTY PHARMA.NSE_IDX,8835.55,8944.65,8809.7,8913.5
2019-02-15,NIFTY PHARMA.NSE_IDX,8892.4,8893.45,8252.1,8641.5
2019-02-18,NIFTY PHARMA.NSE_IDX,8708.55,8744.25,8560.5,8571.6
2019-02-19,NIFTY PHARMA.NSE_IDX,8612.9,8636.95,8539.75,8543.55
2019-02-20,NIFTY PHARMA.NSE_IDX,8606.95,8621.0,8551.45,8618.0
2019-02-21,NIFTY PHARMA.NSE_IDX,8636.0,8721.95,8606.05,8716.3
2019-02-22,NIFTY PHARMA.NSE_IDX,8712.7,8778.4,8698.85,8758.8
2019-02-25,NIFTY PHARMA.NSE_IDX,8774.25,8858.2,8738.1,8804.3
2019-02-26,NIFTY PHARMA.NSE_IDX,8734.5,8869.8,8659.1,8821.45
2019-02-27,NIFTY PHARMA.NSE_IDX,8872.5,8975.4,8799.45,8847.4
2019-02-28,NIFTY PHARMA.NSE_IDX,8906.75,8934.4,8871.4,8885.55
2019-03-01,NIFTY PHARMA.NSE_IDX,8909.0,8993.8,8882.2,8964.1
2019-03-05,NIFTY PHARMA.NSE_IDX,8958.1,9066.4,8937.9,9061.6
2019-03-06,NIFTY PHARMA.NSE_IDX,9091.0,9193.05,9026.6,9126.8
2019-03-07,NIFTY PHARMA.NSE_IDX,9133.6,9209.15,9021.5,9042.3
2019-03-08,NIFTY PHARMA.NSE_IDX,9038.85,9085.2,9007.8,9019.35
2019-03-11,NIFTY PHARMA.NSE_IDX,9053.1,9168.45,9047.15,9158.7
2019-03-12,NIFTY PHARMA.NSE_IDX,9219.45,9345.1,9202.7,9272.9
2019-03-13,NIFTY PHARMA.NSE_IDX,9301.9,9318.15,9070.6,9095.55
2019-03-14,NIFTY PHARMA.NSE_IDX,9107.8,9209.2,9077.35,9187.0
2019-03-15,NIFTY PHARMA.NSE_IDX,9207.1,9256.25,9178.6,9226.7
2019-03-18,NIFTY PHARMA.NSE_IDX,9224.1,9240.9,9133.8,9200.65
2019-03-19,NIFTY PHARMA.NSE_IDX,9232.7,9312.2,9216.3,9248.7
2019-03-20,NIFTY PHARMA.NSE_IDX,9259.4,9300.8,9231.65,9273.05
2019-03-22,NIFTY PHARMA.NSE_IDX,9292.4,9338.3,9188.1,9194.65
2019-03-25,NIFTY PHARMA.NSE_IDX,9161.6,9181.8,9081.55,9169.25
2019-03-26,NIFTY PHARMA.NSE_IDX,9238.2,9259.7,9164.4,9243.9
2019-03-27,NIFTY PHARMA.NSE_IDX,9268.5,9322.05,9120.3,9140.4
2019-03-28,NIFTY PHARMA.NSE_IDX,9175.9,9235.25,9126.9,9220.15
2019-03-29,NIFTY PHARMA.NSE_IDX,9247.5,9366.65,9240.8,9340.7
2019-04-01,NIFTY PHARMA.NSE_IDX,9371.95,9416.95,9353.65,9386.25
2019-04-02,NIFTY PHARMA.NSE_IDX,9422.1,9425.95,9272.4,9291.4
2019-04-03,NIFTY PHARMA.NSE_IDX,9317.2,9341.25,9163.5,9173.7
2019-04-04,NIFTY PHARMA.NSE_IDX,9200.2,9278.7,9181.65,9265.35
2019-04-05,NIFTY PHARMA.NSE_IDX,9320.55,9332.1,9259.45,9270.4
2019-04-08,NIFTY PHARMA.NSE_IDX,9289.95,9329.4,9219.0,9240.1
2019-04-09,NIFTY PHARMA.NSE_IDX,9232.6,9349.85,9207.45,9318.35
2019-04-10,NIFTY PHARMA.NSE_IDX,9310.35,9520.3,9305.5,9402.5
2019-04-11,NIFTY PHARMA.NSE_IDX,9386.75,9422.0,9355.9,9385.65
2019-04-12,NIFTY PHARMA.NSE_IDX,9399.45,9448.45,9383.75,9406.55
2019-04-15,NIFTY PHARMA.NSE_IDX,9442.65,9447.45,9358.75,9419.4
2019-04-16,NIFTY PHARMA.NSE_IDX,9470.7,9474.1,9410.2,9416.3
2019-04-18,NIFTY PHARMA.NSE_IDX,9446.75,9450.95,9338.65,9405.95
2019-04-22,NIFTY PHARMA.NSE_IDX,9405.45,9410.65,9260.95,9266.25
2019-04-23,NIFTY PHARMA.NSE_IDX,9294.0,9422.0,9290.55,9378.15
2019-04-24,NIFTY PHARMA.NSE_IDX,9384.1,9474.6,9358.35,9448.2
2019-04-25,NIFTY PHARMA.NSE_IDX,9521.65,9534.55,9423.5,9475.0
2019-04-26,NIFTY PHARMA.NSE_IDX,9494.1,9578.4,9440.15,9460.25
2019-04-30,NIFTY PHARMA.NSE_IDX,9471.85,9471.85,9307.2,9383.85
2019-05-02,NIFTY PHARMA.NSE_IDX,9368.85,9419.7,9271.85,9277.5
2019-05-03,NIFTY PHARMA.NSE_IDX,9312.3,9324.2,9193.05,9200.2
2019-05-06,NIFTY PHARMA.NSE_IDX,9131.8,9226.85,9110.95,9179.75
2019-05-07,NIFTY PHARMA.NSE_IDX,9220.05,9229.8,9126.85,9140.45
2019-05-08,NIFTY PHARMA.NSE_IDX,9145.45,9146.75,8973.4,8973.75
2019-05-09,NIFTY PHARMA.NSE_IDX,8968.45,9011.6,8881.6,8972.9
2019-05-10,NIFTY PHARMA.NSE_IDX,8965.1,9012.75,8914.95,8923.6
2019-05-13,NIFTY PHARMA.NSE_IDX,8906.4,8906.4,8244.65,8632.7
2019-05-14,NIFTY PHARMA.NSE_IDX,8581.65,8762.2,8516.1,8687.4
2019-05-15,NIFTY PHARMA.NSE_IDX,8705.25,8756.55,8562.75,8587.3
2019-05-16,NIFTY PHARMA.NSE_IDX,8594.9,8606.8,8293.05,8569.5
2019-05-17,NIFTY PHARMA.NSE_IDX,8542.7,8542.7,8387.9,8436.35
2019-05-20,NIFTY PHARMA.NSE_IDX,8617.5,8675.3,8415.25,8505.9
2019-05-21,NIFTY PHARMA.NSE_IDX,8527.0,8725.8,8471.6,8485.25
2019-05-22,NIFTY PHARMA.NSE_IDX,8489.95,8584.95,8413.3,8530.2
2019-05-23,NIFTY PHARMA.NSE_IDX,8599.9,8626.1,8472.2,8496.7
2019-05-24,NIFTY PHARMA.NSE_IDX,8533.2,8620.2,8515.65,8611.9
2019-05-27,NIFTY PHARMA.NSE_IDX,8602.2,8607.45,8493.45,8520.75
2019-05-28,NIFTY PHARMA.NSE_IDX,8555.6,8599.15,8492.4,8524.7
2019-05-29,NIFTY PHARMA.NSE_IDX,8559.4,8567.05,8431.6,8463.55
2019-05-30,NIFTY PHARMA.NSE_IDX,8475.25,8531.3,8459.8,8477.35
2019-05-31,NIFTY PHARMA.NSE_IDX,8504.15,8544.25,8403.6,8447.85
2019-06-03,NIFTY PHARMA.NSE_IDX,8461.05,8547.35,8371.95,8538.95
2019-06-04,NIFTY PHARMA.NSE_IDX,8531.5,8602.05,8342.85,8428.6
2019-06-06,NIFTY PHARMA.NSE_IDX,8464.35,8466.5,8262.1,8268.75
2019-06-07,NIFTY PHARMA.NSE_IDX,8282.3,8289.85,8096.55,8171.45
2019-06-10,NIFTY PHARMA.NSE_IDX,8223.95,8265.4,8185.4,8253.65
2019-06-11,NIFTY PHARMA.NSE_IDX,8238.5,8277.3,8114.5,8262.2
2019-06-12,NIFTY PHARMA.NSE_IDX,8250.3,8262.6,8137.3,8177.5
2019-06-13,NIFTY PHARMA.NSE_IDX,8163.45,8193.7,8062.55,8143.3
2019-06-14,NIFTY PHARMA.NSE_IDX,8141.05,8142.95,7954.6,8069.45
2019-06-17,NIFTY PHARMA.NSE_IDX,8105.9,8131.2,7962.5,7969.55
2019-06-18,NIFTY PHARMA.NSE_IDX,7975.1,8032.35,7878.8,7904.55
2019-06-19,NIFTY PHARMA.NSE_IDX,7947.65,7958.1,7753.75,7787.45
2019-06-20,NIFTY PHARMA.NSE_IDX,7773.75,8043.3,7737.0,8023.0
2019-06-21,NIFTY PHARMA.NSE_IDX,8001.85,8033.3,7895.1,7902.35
2019-06-24,NIFTY PHARMA.NSE_IDX,7921.55,7935.75,7867.8,7891.45
2019-06-25,NIFTY PHARMA.NSE_IDX,7894.2,7961.55,7847.1,7931.6
2019-06-26,NIFTY PHARMA.NSE_IDX,7931.65,8121.25,7915.0,8074.15
2019-06-27,NIFTY PHARMA.NSE_IDX,8085.5,8140.95,8018.25,8090.1
2019-06-28,NIFTY PHARMA.NSE_IDX,8119.25,8202.65,8031.35,8063.45
2019-07-01,NIFTY PHARMA.NSE_IDX,8087.0,8192.45,8085.35,8172.05
2019-07-02,NIFTY PHARMA.NSE_IDX,8186.85,8198.3,8068.0,8091.45
2019-07-03,NIFTY PHARMA.NSE_IDX,8113.85,8120.75,8032.25,8098.55
2019-07-04,NIFTY PHARMA.NSE_IDX,8108.65,8138.9,8035.15,8040.05
2019-07-05,NIFTY PHARMA.NSE_IDX,8066.25,8082.7,7911.2,7918.45
2019-07-08,NIFTY PHARMA.NSE_IDX,7873.1,7922.0,7791.1,7812.25
2019-07-09,NIFTY PHARMA.NSE_IDX,7811.2,8053.45,7795.25,8009.6
2019-07-10,NIFTY PHARMA.NSE_IDX,8007.25,8060.7,7963.25,8002.15
2019-07-11,NIFTY PHARMA.NSE_IDX,8068.35,8152.9,8049.7,8107.15
2019-07-12,NIFTY PHARMA.NSE_IDX,8135.9,8189.0,8083.9,8135.1
2019-07-15,NIFTY PHARMA.NSE_IDX,8214.5,8276.55,8151.75,8213.6
2019-07-16,NIFTY PHARMA.NSE_IDX,8227.4,8360.15,8194.9,8354.5
2019-07-17,NIFTY PHARMA.NSE_IDX,8353.25,8363.75,8288.5,8324.05
2019-07-18,NIFTY PHARMA.NSE_IDX,8329.95,8329.95,8207.2,8210.85
2019-07-19,NIFTY PHARMA.NSE_IDX,8245.85,8288.0,8029.95,8037.05
2019-07-22,NIFTY PHARMA.NSE_IDX,8015.25,8189.2,7976.05,8119.6
2019-07-23,NIFTY PHARMA.NSE_IDX,8145.65,8165.05,8043.25,8049.0
2019-07-24,NIFTY PHARMA.NSE_IDX,8051.0,8071.25,7890.2,7930.0
2019-07-25,NIFTY PHARMA.NSE_IDX,7942.5,8116.6,7931.4,8100.3
2019-07-26,NIFTY PHARMA.NSE_IDX,8116.95,8210.1,8050.05,8180.9
2019-07-29,NIFTY PHARMA.NSE_IDX,8177.55,8184.0,7994.15,8035.7
2019-07-30,NIFTY PHARMA.NSE_IDX,8040.85,8205.25,7853.6,7857.75
2019-07-31,NIFTY PHARMA.NSE_IDX,7859.95,7999.6,7801.85,7972.6
2019-08-01,NIFTY PHARMA.NSE_IDX,7950.7,7963.15,7790.1,7883.55
2019-08-02,NIFTY PHARMA.NSE_IDX,7846.0,7963.95,7781.85,7872.7
2019-08-05,NIFTY PHARMA.NSE_IDX,7830.85,7881.85,7735.05,7793.85
2019-08-06,NIFTY PHARMA.NSE_IDX,7803.1,7905.9,7783.75,7814.95
2019-08-07,NIFTY PHARMA.NSE_IDX,7839.2,7959.95,7823.75,7856.95
2019-08-08,NIFTY PHARMA.NSE_IDX,7902.6,7994.1,7854.2,7985.65
2019-08-09,NIFTY PHARMA.NSE_IDX,8021.35,8049.1,7896.4,7924.4
2019-08-13,NIFTY PHARMA.NSE_IDX,7925.85,7984.85,7789.15,7843.4
2019-08-14,NIFTY PHARMA.NSE_IDX,7866.2,7866.2,7550.55,7736.7
2019-08-16,NIFTY PHARMA.NSE_IDX,7738.4,7756.6,7636.2,7673.95
2019-08-19,NIFTY PHARMA.NSE_IDX,7739.7,7851.15,7727.55,7751.25
2019-08-20,NIFTY PHARMA.NSE_IDX,7757.65,7772.1,7676.45,7744.85
2019-08-21,NIFTY PHARMA.NSE_IDX,7738.95,7765.0,7660.65,7672.8
2019-08-22,NIFTY PHARMA.NSE_IDX,7674.25,7746.35,7630.2,7650.75
2019-08-23,NIFTY PHARMA.NSE_IDX,7670.55,7793.0,7554.7,7784.1
2019-08-26,NIFTY PHARMA.NSE_IDX,7841.9,7858.0,7690.75,7840.2
2019-08-27,NIFTY PHARMA.NSE_IDX,7872.1,7896.3,7804.2,7812.7
2019-08-28,NIFTY PHARMA.NSE_IDX,7813.55,7897.1,7701.35,7735.05
2019-08-29,NIFTY PHARMA.NSE_IDX,7805.75,7933.45,7742.15,7907.75
2019-08-30,NIFTY PHARMA.NSE_IDX,7916.85,8112.55,7875.85,8103.75
2019-09-03,NIFTY PHARMA.NSE_IDX,8036.45,8104.7,7939.7,7966.2
2019-09-04,NIFTY PHARMA.NSE_IDX,7947.15,7985.0,7768.0,7956.65
2019-09-05,NIFTY PHARMA.NSE_IDX,8010.0,8086.55,7969.1,8074.3
2019-09-06,NIFTY PHARMA.NSE_IDX,8029.05,8084.65,7966.2,8054.45
2019-09-09,NIFTY PHARMA.NSE_IDX,8073.0,8130.9,8047.5,8070.4
2019-09-11,NIFTY PHARMA.NSE_IDX,8111.55,8157.85,8053.1,8076.75
2019-09-12,NIFTY PHARMA.NSE_IDX,8107.45,8168.5,8040.25,8095.3
2019-09-13,NIFTY PHARMA.NSE_IDX,8141.7,8141.7,7974.65,8024.5
2019-09-16,NIFTY PHARMA.NSE_IDX,7995.7,8119.4,7978.15,8065.5
2019-09-17,NIFTY PHARMA.NSE_IDX,8084.5,8106.0,7919.2,7924.9
2019-09-18,NIFTY PHARMA.NSE_IDX,7975.0,7984.05,7882.55,7926.6
2019-09-19,NIFTY PHARMA.NSE_IDX,7926.85,7938.75,7777.75,7785.55
2019-09-20,NIFTY PHARMA.NSE_IDX,7842.55,8018.4,7745.55,7984.2
2019-09-23,NIFTY PHARMA.NSE_IDX,8069.4,8073.7,7802.3,7815.7
2019-09-24,NIFTY PHARMA.NSE_IDX,7849.35,7976.15,7773.85,7884.1
2019-09-25,NIFTY PHARMA.NSE_IDX,7866.5,7887.5,7759.75,7777.9
2019-09-26,NIFTY PHARMA.NSE_IDX,7826.5,7871.15,7788.6,7859.7
2019-09-27,NIFTY PHARMA.NSE_IDX,7841.95,7842.95,7683.25,7699.9
2019-09-30,NIFTY PHARMA.NSE_IDX,7692.95,7692.95,7509.1,7549.2
2019-10-01,NIFTY PHARMA.NSE_IDX,7553.8,7601.4,7388.6,7480.9
2019-10-03,NIFTY PHARMA.NSE_IDX,7426.8,7497.3,7323.3,7449.2
2019-10-04,NIFTY PHARMA.NSE_IDX,7494.7,7525.15,7383.05,7384.1
2019-10-07,NIFTY PHARMA.NSE_IDX,7404.9,7414.15,7126.55,7134.0
2019-10-09,NIFTY PHARMA.NSE_IDX,7162.5,7256.1,7047.1,7231.8
2019-10-10,NIFTY PHARMA.NSE_IDX,7225.0,7272.8,7130.5,7227.9
2019-10-11,NIFTY PHARMA.NSE_IDX,7262.6,7292.7,7115.65,7281.9
2019-10-14,NIFTY PHARMA.NSE_IDX,7304.2,7411.8,7281.85,7363.55
2019-10-15,NIFTY PHARMA.NSE_IDX,7381.75,7434.05,7349.25,7419.3
2019-10-17,NIFTY PHARMA.NSE_IDX,7482.3,7545.35,7428.65,7519.95
2019-10-18,NIFTY PHARMA.NSE_IDX,7535.0,7651.95,7500.5,7592.05
2019-10-22,NIFTY PHARMA.NSE_IDX,7611.25,7799.4,7597.7,7757.35
2019-10-23,NIFTY PHARMA.NSE_IDX,7750.8,7785.8,7711.95,7755.6
2019-10-24,NIFTY PHARMA.NSE_IDX,7757.35,7800.25,7652.5,7731.35
2019-10-25,NIFTY PHARMA.NSE_IDX,7720.4,7757.1,7591.7,7717.6
2019-10-29,NIFTY PHARMA.NSE_IDX,7747.7,7852.3,7722.25,7819.35
2019-10-30,NIFTY PHARMA.NSE_IDX,7843.45,7871.4,7771.75,7804.75
2019-10-31,NIFTY PHARMA.NSE_IDX,7842.75,7923.5,7829.55,7891.05
2019-11-01,NIFTY PHARMA.NSE_IDX,7904.5,7979.55,7894.2,7951.1
2019-11-04,NIFTY PHARMA.NSE_IDX,7985.7,8030.15,7925.25,7962.95
2019-11-05,NIFTY PHARMA.NSE_IDX,7961.3,8003.85,7847.85,7866.95
2019-11-06,NIFTY PHARMA.NSE_IDX,7884.65,8061.95,7861.65,7907.7
2019-11-07,NIFTY PHARMA.NSE_IDX,7961.6,7982.0,7871.0,7976.0
2019-11-08,NIFTY PHARMA.NSE_IDX,7956.05,7958.15,7771.0,7777.1
2019-11-11,NIFTY PHARMA.NSE_IDX,7728.85,7807.6,7675.0,7785.95
2019-11-13,NIFTY PHARMA.NSE_IDX,7798.5,7853.0,7642.0,7649.75
2019-11-14,NIFTY PHARMA.NSE_IDX,7635.85,7655.6,7553.05,7593.45
2019-11-15,NIFTY PHARMA.NSE_IDX,7628.15,7769.3,7554.5,7716.25
2019-11-18,NIFTY PHARMA.NSE_IDX,7762.45,7881.05,7750.95,7814.3
2019-11-19,NIFTY PHARMA.NSE_IDX,7848.45,7881.9,7823.75,7855.3
2019-11-20,NIFTY PHARMA.NSE_IDX,7868.15,8187.1,7843.65,8085.95
2019-11-21,NIFTY PHARMA.NSE_IDX,8090.7,8153.0,8058.45,8061.2
2019-11-22,NIFTY PHARMA.NSE_IDX,8084.55,8162.1,7995.05,8055.0
2019-11-25,NIFTY PHARMA.NSE_IDX,8074.05,8226.8,8047.8,8213.0
2019-11-26,NIFTY PHARMA.NSE_IDX,8237.5,8298.4,8132.25,8189.1
2019-11-27,NIFTY PHARMA.NSE_IDX,8179.25,8267.65,8165.2,8243.2
2019-11-28,NIFTY PHARMA.NSE_IDX,8251.75,8288.55,8216.75,8284.1
2019-11-29,NIFTY PHARMA.NSE_IDX,8287.95,8320.25,8159.2,8182.05
2019-12-02,NIFTY PHARMA.NSE_IDX,8198.4,8198.95,8056.2,8128.6
2019-12-03,NIFTY PHARMA.NSE_IDX,8171.0,8172.3,8027.05,8031.35
2019-12-04,NIFTY PHARMA.NSE_IDX,8033.45,8132.05,8021.8,8111.5
2019-12-05,NIFTY PHARMA.NSE_IDX,8115.25,8115.25,8030.15,8045.35
2019-12-06,NIFTY PHARMA.NSE_IDX,8085.05,8152.25,7942.0,7949.65
2019-12-09,NIFTY PHARMA.NSE_IDX,7998.9,8043.55,7936.7,7961.8
2019-12-10,NIFTY PHARMA.NSE_IDX,7976.6,8016.95,7926.0,7930.6
2019-12-11,NIFTY PHARMA.NSE_IDX,7960.45,7980.9,7909.9,7962.5
2019-12-12,NIFTY PHARMA.NSE_IDX,7996.0,8073.6,7973.85,8035.3
2019-12-13,NIFTY PHARMA.NSE_IDX,8051.6,8066.0,7947.8,8027.0
2019-12-16,NIFTY PHARMA.NSE_IDX,8015.9,8091.3,7990.1,8024.85
2019-12-17,NIFTY PHARMA.NSE_IDX,8044.75,8068.2,7973.7,8001.5
2019-12-18,NIFTY PHARMA.NSE_IDX,8021.4,8100.4,7988.2,8095.5
2019-12-19,NIFTY PHARMA.NSE_IDX,8094.65,8128.0,8024.65,8068.8
2019-12-20,NIFTY PHARMA.NSE_IDX,8065.6,8090.15,8038.8,8048.15
2019-12-23,NIFTY PHARMA.NSE_IDX,8057.95,8096.0,8020.8,8043.2
2019-12-24,NIFTY PHARMA.NSE_IDX,8062.45,8083.25,8020.85,8061.45
2019-12-26,NIFTY PHARMA.NSE_IDX,8090.3,8097.75,7985.75,7998.1
2019-12-27,NIFTY PHARMA.NSE_IDX,8017.65,8075.55,8010.35,8063.0
2019-12-30,NIFTY PHARMA.NSE_IDX,8089.3,8125.05,8071.25,8071.75
2019-12-31,NIFTY PHARMA.NSE_IDX,8084.7,8121.45,8028.55,8033.9
2020-01-01,NIFTY PHARMA.NSE_IDX,8061.15,8076.65,8018.95,8051.2
2020-01-02,NIFTY PHARMA.NSE_IDX,8053.3,8102.4,8027.15,8055.6
2020-01-03,NIFTY PHARMA.NSE_IDX,8045.0,8189.8,8026.3,8109.2
2020-01-06,NIFTY PHARMA.NSE_IDX,8078.2,8085.5,7943.15,7976.1
2020-01-07,NIFTY PHARMA.NSE_IDX,8006.45,8087.65,7973.95,8038.6
2020-01-08,NIFTY PHARMA.NSE_IDX,7975.7,8041.6,7960.05,7987.55
2020-01-09,NIFTY PHARMA.NSE_IDX,8057.8,8090.95,8015.15,8030.7
2020-01-10,NIFTY PHARMA.NSE_IDX,8048.55,8171.2,8044.35,8063.7
2020-01-13,NIFTY PHARMA.NSE_IDX,8082.3,8141.3,8042.65,8077.95
2020-01-14,NIFTY PHARMA.NSE_IDX,8105.15,8136.4,8081.3,8123.6
2020-01-15,NIFTY PHARMA.NSE_IDX,8133.95,8178.85,8080.35,8167.7
2020-01-16,NIFTY PHARMA.NSE_IDX,8190.05,8223.85,8175.35,8200.2
2020-01-17,NIFTY PHARMA.NSE_IDX,8211.45,8371.6,8200.0,8344.15
2020-01-20,NIFTY PHARMA.NSE_IDX,8353.7,8375.2,8251.0,8264.6
2020-01-21,NIFTY PHARMA.NSE_IDX,8249.15,8313.45,8214.55,8269.55
2020-01-22,NIFTY PHARMA.NSE_IDX,8295.0,8372.3,8245.45,8254.0
2020-01-23,NIFTY PHARMA.NSE_IDX,8245.95,8322.45,8208.55,8296.1
2020-01-24,NIFTY PHARMA.NSE_IDX,8291.75,8349.25,8273.95,8290.05
2020-01-27,NIFTY PHARMA.NSE_IDX,8270.05,8471.8,8240.1,8422.6
2020-01-28,NIFTY PHARMA.NSE_IDX,8427.8,8513.15,8395.65,8412.4
2020-01-29,NIFTY PHARMA.NSE_IDX,8446.2,8492.45,8361.25,8407.6
2020-01-30,NIFTY PHARMA.NSE_IDX,8426.25,8438.2,8207.6,8232.9
2020-01-31,NIFTY PHARMA.NSE_IDX,8256.2,8299.35,8122.95,8142.65
2020-02-01,NIFTY PHARMA.NSE_IDX,8129.3,8209.85,7975.9,8014.6
2020-02-03,NIFTY PHARMA.NSE_IDX,8020.95,8122.0,7944.9,7974.55
2020-02-04,NIFTY PHARMA.NSE_IDX,8002.65,8166.8,7967.8,8108.85
2020-02-05,NIFTY PHARMA.NSE_IDX,8151.2,8185.0,8091.6,8154.35
2020-02-06,NIFTY PHARMA.NSE_IDX,8194.0,8281.25,8176.6,8228.2
2020-02-07,NIFTY PHARMA.NSE_IDX,8243.05,8363.3,8180.05,8334.0
2020-02-10,NIFTY PHARMA.NSE_IDX,8340.15,8371.2,8235.0,8256.45
2020-02-11,NIFTY PHARMA.NSE_IDX,8303.3,8359.5,8280.95,8331.25
2020-02-12,NIFTY PHARMA.NSE_IDX,8341.7,8375.0,8238.95,8265.5
2020-02-13,NIFTY PHARMA.NSE_IDX,8292.0,8351.55,8246.95,8333.0
2020-02-14,NIFTY PHARMA.NSE_IDX,8349.9,8384.1,8294.2,8322.25
2020-02-17,NIFTY PHARMA.NSE_IDX,8342.6,8377.35,8193.6,8205.05
2020-02-18,NIFTY PHARMA.NSE_IDX,8185.1,8213.0,8068.2,8189.6
2020-02-19,NIFTY PHARMA.NSE_IDX,8292.75,8390.4,8276.15,8390.4
2020-02-20,NIFTY PHARMA.NSE_IDX,8401.55,8473.8,8348.75,8366.35
2020-02-24,NIFTY PHARMA.NSE_IDX,8275.95,8281.95,8086.65,8104.4
2020-02-25,NIFTY PHARMA.NSE_IDX,8153.85,8153.85,7898.35,7937.55
2020-02-26,NIFTY PHARMA.NSE_IDX,7886.35,7931.7,7813.95,7832.95
2020-02-27,NIFTY PHARMA.NSE_IDX,7824.5,7903.55,7740.95,7887.1
2020-02-28,NIFTY PHARMA.NSE_IDX,7751.45,7786.6,7559.0,7594.6
2020-03-02,NIFTY PHARMA.NSE_IDX,7675.55,7768.0,7463.05,7555.3
2020-03-03,NIFTY PHARMA.NSE_IDX,7606.8,7966.15,7603.15,7951.75
2020-03-04,NIFTY PHARMA.NSE_IDX,7970.0,8131.85,7840.85,8074.05
2020-03-05,NIFTY PHARMA.NSE_IDX,8125.9,8281.7,8122.6,8136.35
2020-03-06,NIFTY PHARMA.NSE_IDX,7863.1,8057.95,7860.6,7993.65
2020-03-09,NIFTY PHARMA.NSE_IDX,7921.25,7999.3,7698.25,7735.85
2020-03-11,NIFTY PHARMA.NSE_IDX,7754.75,7779.1,7596.35,7626.15
2020-03-12,NIFTY PHARMA.NSE_IDX,7408.4,7423.95,6868.7,6985.85
2020-03-13,NIFTY PHARMA.NSE_IDX,6558.25,7469.7,6242.85,7310.65
2020-03-16,NIFTY PHARMA.NSE_IDX,7075.35,7406.05,6909.65,6960.2
2020-03-17,NIFTY PHARMA.NSE_IDX,7014.5,7289.65,6927.05,7016.1
2020-03-18,NIFTY PHARMA.NSE_IDX,7135.05,7145.4,6666.85,6753.05
2020-03-19,NIFTY PHARMA.NSE_IDX,6489.5,6871.4,6332.0,6654.6
2020-03-20,NIFTY PHARMA.NSE_IDX,6740.25,7088.15,6728.75,6923.8
2020-03-23,NIFTY PHARMA.NSE_IDX,6518.0,6850.55,6380.1,6475.45
2020-03-24,NIFTY PHARMA.NSE_IDX,6589.45,6828.3,6532.65,6610.4
2020-03-25,NIFTY PHARMA.NSE_IDX,6539.6,6746.3,6538.55,6669.3
2020-03-26,NIFTY PHARMA.NSE_IDX,6845.25,6963.25,6743.05,6769.15
2020-03-27,NIFTY PHARMA.NSE_IDX,6924.6,7058.8,6697.95,6832.55
2020-03-30,NIFTY PHARMA.NSE_IDX,6708.7,6970.5,6608.8,6904.85
2020-03-31,NIFTY PHARMA.NSE_IDX,7074.2,7224.35,6951.4,7174.75
2020-04-01,NIFTY PHARMA.NSE_IDX,7206.2,7208.25,6991.6,7043.4
2020-04-03,NIFTY PHARMA.NSE_IDX,7019.85,7452.8,6956.2,7359.55
2020-04-07,NIFTY PHARMA.NSE_IDX,7729.25,8159.75,7569.85,8125.0
2020-04-08,NIFTY PHARMA.NSE_IDX,8122.9,8564.85,8056.3,8429.6
2020-04-09,NIFTY PHARMA.NSE_IDX,8739.5,9032.4,8706.4,8786.7
2020-04-13,NIFTY PHARMA.NSE_IDX,9000.25,9229.6,8852.0,9070.45
2020-04-15,NIFTY PHARMA.NSE_IDX,9265.4,9382.15,8889.2,9061.2
2020-04-16,NIFTY PHARMA.NSE_IDX,9040.9,9251.05,8989.8,9218.7
2020-04-17,NIFTY PHARMA.NSE_IDX,9429.5,9454.1,9066.1,9166.3
2020-04-22,NIFTY PHARMA.NSE_IDX,9369.4,9513.0,9305.75,9382.25
2020-04-23,NIFTY PHARMA.NSE_IDX,9400.15,9580.85,9358.35,9398.0
2020-04-24,NIFTY PHARMA.NSE_IDX,9358.4,9638.7,9305.6,9513.25
2020-04-27,NIFTY PHARMA.NSE_IDX,9590.5,9753.5,9557.4,9603.95
2020-04-28,NIFTY PHARMA.NSE_IDX,9699.25,9701.0,9352.0,9391.15
2020-04-29,NIFTY PHARMA.NSE_IDX,9453.3,9498.15,9339.75,9383.4
2020-04-30,NIFTY PHARMA.NSE_IDX,9522.55,9556.5,9253.9,9329.65
2020-05-04,NIFTY PHARMA.NSE_IDX,9181.6,9507.45,9140.15,9359.8
2020-05-05,NIFTY PHARMA.NSE_IDX,9493.7,9503.75,9157.35,9193.3
2020-05-06,NIFTY PHARMA.NSE_IDX,9229.85,9289.9,9128.05,9231.9
2020-05-07,NIFTY PHARMA.NSE_IDX,9283.2,9373.55,9128.95,9165.05
2020-05-08,NIFTY PHARMA.NSE_IDX,9275.9,9385.6,9230.35,9345.6
2020-05-11,NIFTY PHARMA.NSE_IDX,9413.25,9416.5,9281.7,9324.4
2020-05-12,NIFTY PHARMA.NSE_IDX,9291.1,9368.05,9142.8,9261.75
2020-05-13,NIFTY PHARMA.NSE_IDX,9447.95,9447.95,9131.15,9154.0
2020-05-14,NIFTY PHARMA.NSE_IDX,9146.1,9279.65,9103.8,9179.6
2020-05-15,NIFTY PHARMA.NSE_IDX,9177.35,9211.0,9065.65,9071.65
2020-05-18,NIFTY PHARMA.NSE_IDX,9097.6,9201.45,8999.85,9087.0
2020-05-19,NIFTY PHARMA.NSE_IDX,9149.45,9231.5,9044.05,9098.2
2020-05-20,NIFTY PHARMA.NSE_IDX,9098.7,9495.5,9074.6,9465.35
2020-05-21,NIFTY PHARMA.NSE_IDX,9475.2,9549.4,9436.05,9507.3
2020-05-22,NIFTY PHARMA.NSE_IDX,9502.3,9619.6,9427.2,9588.8
2020-05-26,NIFTY PHARMA.NSE_IDX,9624.3,9679.85,9454.75,9492.25
2020-05-27,NIFTY PHARMA.NSE_IDX,9528.75,9537.8,9416.8,9457.4
2020-05-28,NIFTY PHARMA.NSE_IDX,9488.95,9507.55,9362.05,9470.05
2020-05-29,NIFTY PHARMA.NSE_IDX,9459.25,9812.9,9432.6,9763.7
2020-06-01,NIFTY PHARMA.NSE_IDX,9844.2,9872.4,9677.95,9810.15
2020-06-02,NIFTY PHARMA.NSE_IDX,9869.65,10047.3,9814.45,9841.2
2020-06-03,NIFTY PHARMA.NSE_IDX,9914.8,9980.85,9835.05,9873.75
2020-06-04,NIFTY PHARMA.NSE_IDX,9880.85,10114.1,9869.6,10097.45
2020-06-05,NIFTY PHARMA.NSE_IDX,10161.4,10234.8,10061.95,10099.2
2020-06-08,NIFTY PHARMA.NSE_IDX,10158.85,10158.85,9883.7,9937.1
2020-06-09,NIFTY PHARMA.NSE_IDX,9950.5,10227.9,9948.75,10100.85
2020-06-10,NIFTY PHARMA.NSE_IDX,10159.1,10237.05,10070.8,10170.95
2020-06-11,NIFTY PHARMA.NSE_IDX,10097.85,10177.35,9893.8,9940.55
2020-06-12,NIFTY PHARMA.NSE_IDX,9690.9,9997.5,9687.95,9972.15
2020-06-15,NIFTY PHARMA.NSE_IDX,10020.75,10171.8,9894.7,9971.15
2020-06-16,NIFTY PHARMA.NSE_IDX,10063.25,10092.35,9800.05,9934.75
2020-06-17,NIFTY PHARMA.NSE_IDX,9956.7,10020.25,9915.2,9974.55
2020-06-18,NIFTY PHARMA.NSE_IDX,9991.75,10050.2,9953.05,9975.05
2020-06-19,NIFTY PHARMA.NSE_IDX,10022.9,10098.85,9982.45,10029.45
2020-06-22,NIFTY PHARMA.NSE_IDX,10223.05,10291.45,10102.3,10225.6
2020-06-23,NIFTY PHARMA.NSE_IDX,10300.1,10385.2,10217.9,10369.85
2020-06-24,NIFTY PHARMA.NSE_IDX,10393.35,10404.35,10088.6,10128.1
2020-06-25,NIFTY PHARMA.NSE_IDX,10075.55,10239.6,10040.6,10200.5
2020-06-26,NIFTY PHARMA.NSE_IDX,10239.1,10285.2,10100.25,10143.55
2020-06-29,NIFTY PHARMA.NSE_IDX,10132.75,10264.9,10115.3,10132.45
2020-06-30,NIFTY PHARMA.NSE_IDX,10189.45,10198.4,9956.15,9984.6
2020-09-01,NIFTY PHARMA.NSE_IDX,11103.65,11401.5,11052.4,11389.05
2020-09-02,NIFTY PHARMA.NSE_IDX,11370.75,11467.95,11259.8,11426.9
2020-09-03,NIFTY PHARMA.NSE_IDX,11453.35,11567.15,11365.15,11514.75
2020-09-04,NIFTY PHARMA.NSE_IDX,11397.3,11616.8,11220.3,11285.1
2020-09-07,NIFTY PHARMA.NSE_IDX,11343.1,11415.75,11150.75,11278.7
2020-09-08,NIFTY PHARMA.NSE_IDX,11302.55,11367.2,11058.6,11065.45
2020-09-09,NIFTY PHARMA.NSE_IDX,11038.6,11343.45,11006.8,11305.2
2020-09-10,NIFTY PHARMA.NSE_IDX,11366.05,11402.45,11233.8,11294.1
2020-09-11,NIFTY PHARMA.NSE_IDX,11308.3,11375.9,11240.3,11299.95
2020-09-14,NIFTY PHARMA.NSE_IDX,11361.45,11376.55,11186.5,11226.35
2020-09-15,NIFTY PHARMA.NSE_IDX,11269.55,11604.35,11263.15,11457.45
2020-09-16,NIFTY PHARMA.NSE_IDX,11506.75,11727.7,11436.3,11685.45
2020-09-17,NIFTY PHARMA.NSE_IDX,11701.0,11785.05,11647.6,11730.55
2020-09-18,NIFTY PHARMA.NSE_IDX,11958.2,12528.85,11926.65,12305.6
2020-09-21,NIFTY PHARMA.NSE_IDX,12341.75,12496.7,11724.0,11773.45
2020-09-22,NIFTY PHARMA.NSE_IDX,11889.1,11952.1,11540.4,11930.7
2020-09-23,NIFTY PHARMA.NSE_IDX,12032.45,12052.4,11608.0,11674.6
2020-09-24,NIFTY PHARMA.NSE_IDX,11581.1,11717.45,11268.9,11358.55
2020-09-25,NIFTY PHARMA.NSE_IDX,11513.05,11666.0,11383.35,11595.9
2020-09-28,NIFTY PHARMA.NSE_IDX,11724.75,11842.35,11528.25,11774.95
2020-09-29,NIFTY PHARMA.NSE_IDX,11857.0,11874.1,11680.9,11684.8
2020-09-30,NIFTY PHARMA.NSE_IDX,11745.0,12015.7,11691.5,11763.85
2020-10-01,NIFTY PHARMA.NSE_IDX,11869.1,11893.2,11710.1,11846.9
2020-10-05,NIFTY PHARMA.NSE_IDX,11881.25,12073.4,11748.95,12065.0
2020-10-06,NIFTY PHARMA.NSE_IDX,12084.8,12161.1,11979.05,12000.05
2020-10-07,NIFTY PHARMA.NSE_IDX,12009.05,12119.4,11880.25,11929.0
2020-10-08,NIFTY PHARMA.NSE_IDX,11968.8,12255.7,11910.9,12238.3
2020-10-09,NIFTY PHARMA.NSE_IDX,12230.15,12343.7,12017.95,12048.5
2020-10-12,NIFTY PHARMA.NSE_IDX,12067.9,12184.0,11987.05,12159.95
2020-10-13,NIFTY PHARMA.NSE_IDX,12149.65,12331.05,11892.5,11922.5
2020-10-14,NIFTY PHARMA.NSE_IDX,11956.55,12011.45,11740.9,11851.65
2020-10-15,NIFTY PHARMA.NSE_IDX,11891.85,11932.3,11571.05,11650.9
2020-10-16,NIFTY PHARMA.NSE_IDX,11637.45,11854.7,11596.8,11813.8
2020-10-19,NIFTY PHARMA.NSE_IDX,11911.65,11923.95,11592.95,11618.85
2020-10-20,NIFTY PHARMA.NSE_IDX,11626.55,11746.2,11551.3,11641.65
2020-10-21,NIFTY PHARMA.NSE_IDX,11696.3,11712.55,11444.35,11640.05
2020-10-22,NIFTY PHARMA.NSE_IDX,11645.85,11645.85,11316.35,11549.35
2020-10-23,NIFTY PHARMA.NSE_IDX,11573.15,11681.25,11473.45,11493.6
2020-10-26,NIFTY PHARMA.NSE_IDX,11564.5,11578.75,11263.8,11308.85
2020-10-27,NIFTY PHARMA.NSE_IDX,11350.55,11539.05,11284.7,11515.25
2020-10-28,NIFTY PHARMA.NSE_IDX,11531.7,11625.95,11295.45,11308.55
2020-10-29,NIFTY PHARMA.NSE_IDX,11284.1,11394.75,11174.1,11227.4
2020-10-30,NIFTY PHARMA.NSE_IDX,11267.65,11301.95,11135.15,11246.7
2020-11-02,NIFTY PHARMA.NSE_IDX,11256.25,11281.6,11096.25,11151.3
2020-11-03,NIFTY PHARMA.NSE_IDX,11214.6,11400.85,11204.05,11360.25
2020-11-04,NIFTY PHARMA.NSE_IDX,11456.75,11681.0,11430.65,11605.05
2020-11-05,NIFTY PHARMA.NSE_IDX,11677.4,11721.85,11595.7,11701.65
2020-11-06,NIFTY PHARMA.NSE_IDX,11735.5,11753.45,11596.7,11596.7
2020-11-09,NIFTY PHARMA.NSE_IDX,11803.55,11809.55,11567.55,11682.15
2020-11-10,NIFTY PHARMA.NSE_IDX,11670.25,11673.7,11136.65,11208.8
2020-11-11,NIFTY PHARMA.NSE_IDX,11274.05,11601.7,11224.4,11572.45
2020-11-12,NIFTY PHARMA.NSE_IDX,11548.7,11788.1,11494.55,11614.15
2020-11-13,NIFTY PHARMA.NSE_IDX,11640.5,11744.75,11619.85,11732.9
2020-11-17,NIFTY PHARMA.NSE_IDX,11816.6,11837.3,11633.05,11689.85
2020-11-18,NIFTY PHARMA.NSE_IDX,11688.5,11708.15,11523.25,11624.7
2020-11-19,NIFTY PHARMA.NSE_IDX,11581.55,11741.35,11539.55,11554.6
2020-11-20,NIFTY PHARMA.NSE_IDX,11600.85,11670.1,11454.8,11527.55
2020-11-23,NIFTY PHARMA.NSE_IDX,11569.7,11835.65,11525.4,11739.75
2020-11-24,NIFTY PHARMA.NSE_IDX,11808.9,11912.35,11680.0,11905.7
2020-11-25,NIFTY PHARMA.NSE_IDX,11977.75,12012.45,11600.75,11636.15
2020-11-26,NIFTY PHARMA.NSE_IDX,11665.15,11834.95,11604.65,11815.6
2020-11-27,NIFTY PHARMA.NSE_IDX,11840.4,11976.1,11792.35,11826.3
2020-12-01,NIFTY PHARMA.NSE_IDX,12021.0,12085.95,11875.6,12059.0
2020-12-02,NIFTY PHARMA.NSE_IDX,12073.35,12137.65,11986.55,12084.4
2020-12-03,NIFTY PHARMA.NSE_IDX,12151.55,12232.1,12083.1,12230.7
2020-12-04,NIFTY PHARMA.NSE_IDX,12248.55,12393.55,12131.9,12353.35
2020-12-07,NIFTY PHARMA.NSE_IDX,12376.45,12636.9,12314.8,12542.0
2020-12-08,NIFTY PHARMA.NSE_IDX,12588.8,12621.6,12327.55,12414.6
2020-12-09,NIFTY PHARMA.NSE_IDX,12463.55,12568.95,12408.05,12450.35
2020-12-10,NIFTY PHARMA.NSE_IDX,12453.1,12551.4,12338.1,12433.25
2020-12-11,NIFTY PHARMA.NSE_IDX,12460.0,12493.45,12277.5,12357.0
2020-12-14,NIFTY PHARMA.NSE_IDX,12399.75,12506.9,12395.55,12464.5
2020-12-15,NIFTY PHARMA.NSE_IDX,12498.35,12556.35,12400.7,12420.0
2020-12-16,NIFTY PHARMA.NSE_IDX,12492.9,12578.4,12437.85,12554.85
2020-12-17,NIFTY PHARMA.NSE_IDX,12585.0,12731.45,12561.25,12605.5
2020-12-18,NIFTY PHARMA.NSE_IDX,12632.6,12796.95,12559.4,12759.25
2020-12-21,NIFTY PHARMA.NSE_IDX,12752.0,12869.7,11949.6,12255.65
2020-12-22,NIFTY PHARMA.NSE_IDX,12328.55,12592.45,12020.7,12541.85
2020-12-23,NIFTY PHARMA.NSE_IDX,12558.05,12781.55,12481.35,12748.0
2020-12-24,NIFTY PHARMA.NSE_IDX,12815.9,12943.2,12694.55,12927.5
2020-12-28,NIFTY PHARMA.NSE_IDX,12989.4,12995.2,12842.55,12864.85
2020-12-29,NIFTY PHARMA.NSE_IDX,12932.3,13006.2,12802.85,12811.9
2020-12-30,NIFTY PHARMA.NSE_IDX,12898.6,12898.6,12753.85,12814.7
2020-12-31,NIFTY PHARMA.NSE_IDX,12829.75,12986.45,12797.95,12908.8
2021-01-01,NIFTY PHARMA.NSE_IDX,12933.1,13045.55,12875.55,13008.9
2021-01-04,NIFTY PHARMA.NSE_IDX,13085.3,13186.55,13028.2,13146.75
2021-01-05,NIFTY PHARMA.NSE_IDX,13148.05,13247.05,13073.0,13162.35
2021-01-06,NIFTY PHARMA.NSE_IDX,13181.0,13205.65,12965.65,13105.7
2021-01-07,NIFTY PHARMA.NSE_IDX,13168.45,13200.25,13010.35,13072.5
2021-01-08,NIFTY PHARMA.NSE_IDX,13141.0,13298.15,13104.05,13262.3
2021-01-11,NIFTY PHARMA.NSE_IDX,13315.45,13423.8,13222.8,13416.25
2021-01-12,NIFTY PHARMA.NSE_IDX,13445.65,13476.8,13220.05,13246.8
2021-01-13,NIFTY PHARMA.NSE_IDX,13285.95,13304.75,12994.25,13107.1
2021-01-14,NIFTY PHARMA.NSE_IDX,13140.4,13278.6,13020.3,13235.05
2021-01-15,NIFTY PHARMA.NSE_IDX,13262.05,13268.55,12946.8,13005.6
2021-01-18,NIFTY PHARMA.NSE_IDX,13000.8,13013.45,12592.8,12613.3
2021-01-19,NIFTY PHARMA.NSE_IDX,12714.95,12914.5,12699.2,12912.5
2021-01-20,NIFTY PHARMA.NSE_IDX,12919.0,12992.9,12862.4,12875.6
2021-01-21,NIFTY PHARMA.NSE_IDX,12967.1,12967.1,12655.55,12741.9
2021-01-22,NIFTY PHARMA.NSE_IDX,12670.0,12700.5,12468.75,12549.55
2021-01-25,NIFTY PHARMA.NSE_IDX,12604.6,12867.85,12390.55,12759.45
2021-01-27,NIFTY PHARMA.NSE_IDX,12764.5,12764.5,12403.8,12472.9
2021-01-28,NIFTY PHARMA.NSE_IDX,12342.05,12513.4,12213.6,12358.35
2021-01-29,NIFTY PHARMA.NSE_IDX,12467.85,12482.55,12101.45,12195.65
2021-02-01,NIFTY PHARMA.NSE_IDX,12212.2,12218.75,11934.25,12157.2
2021-02-02,NIFTY PHARMA.NSE_IDX,12228.3,12416.3,12125.35,12382.55
2021-02-03,NIFTY PHARMA.NSE_IDX,12468.05,12899.8,12445.6,12727.0
2021-02-04,NIFTY PHARMA.NSE_IDX,12762.35,12866.55,12661.9,12742.15
2021-02-05,NIFTY PHARMA.NSE_IDX,12812.75,13041.0,12669.6,12977.6
2021-02-08,NIFTY PHARMA.NSE_IDX,13039.55,13118.7,12907.25,12962.55
2021-02-09,NIFTY PHARMA.NSE_IDX,12954.85,13013.1,12771.05,12811.8
2021-02-10,NIFTY PHARMA.NSE_IDX,12842.7,12945.8,12689.4,12918.75
2021-02-11,NIFTY PHARMA.NSE_IDX,12833.65,12961.95,12807.6,12928.35
2021-02-12,NIFTY PHARMA.NSE_IDX,13012.35,13013.75,12738.35,12793.1
2021-02-15,NIFTY PHARMA.NSE_IDX,12817.95,12863.3,12723.4,12738.85
2021-02-16,NIFTY PHARMA.NSE_IDX,12789.05,12821.0,12695.15,12794.45
2021-02-17,NIFTY PHARMA.NSE_IDX,12794.9,12837.1,12551.25,12564.35
2021-02-18,NIFTY PHARMA.NSE_IDX,12593.5,12648.1,12491.05,12522.2
2021-02-19,NIFTY PHARMA.NSE_IDX,12499.9,12545.7,12236.15,12376.05
2021-02-22,NIFTY PHARMA.NSE_IDX,12365.8,12387.05,11950.45,11984.35
2021-02-23,NIFTY PHARMA.NSE_IDX,12059.35,12122.35,11935.25,12022.5
2021-02-24,NIFTY PHARMA.NSE_IDX,12101.3,12135.45,12001.75,12007.05
2021-02-25,NIFTY PHARMA.NSE_IDX,12097.35,12291.75,12058.2,12170.55
2021-02-26,NIFTY PHARMA.NSE_IDX,12043.6,12322.1,11860.7,11914.3
2021-03-01,NIFTY PHARMA.NSE_IDX,12007.2,12126.4,11949.75,12115.4
2021-03-02,NIFTY PHARMA.NSE_IDX,12156.3,12273.95,12099.85,12256.75
2021-03-03,NIFTY PHARMA.NSE_IDX,12347.5,12399.15,12236.05,12373.8
2021-03-04,NIFTY PHARMA.NSE_IDX,12314.15,12447.3,12265.85,12356.35
2021-03-05,NIFTY PHARMA.NSE_IDX,12320.8,12336.0,12150.45,12198.15
2021-03-08,NIFTY PHARMA.NSE_IDX,12227.5,12347.85,12202.3,12231.75
2021-03-09,NIFTY PHARMA.NSE_IDX,12316.8,12333.25,12053.1,12136.45
2021-03-10,NIFTY PHARMA.NSE_IDX,12218.45,12335.9,12180.15,12301.65
2021-03-12,NIFTY PHARMA.NSE_IDX,12365.8,12377.3,12148.55,12168.95
2021-03-15,NIFTY PHARMA.NSE_IDX,12204.2,12215.15,11848.3,12024.55
2021-03-16,NIFTY PHARMA.NSE_IDX,12059.2,12099.9,11953.25,12008.6
2021-03-17,NIFTY PHARMA.NSE_IDX,12028.7,12032.5,11747.6,11753.75
2021-03-18,NIFTY PHARMA.NSE_IDX,11835.4,11849.2,11466.95,11544.65
2021-03-19,NIFTY PHARMA.NSE_IDX,11466.7,11705.95,11280.8,11676.45
2021-03-22,NIFTY PHARMA.NSE_IDX,11685.1,11884.75,11669.05,11854.7
2021-03-23,NIFTY PHARMA.NSE_IDX,11869.1,11943.35,11811.3,11887.6
2021-03-24,NIFTY PHARMA.NSE_IDX,11874.0,12056.25,11850.9,11898.1
2021-03-25,NIFTY PHARMA.NSE_IDX,11929.45,11986.35,11717.35,11806.25
2021-03-26,NIFTY PHARMA.NSE_IDX,11887.9,11944.15,11765.7,11884.2
2021-03-30,NIFTY PHARMA.NSE_IDX,11989.1,12219.6,11958.0,12201.55
2021-04-01,NIFTY PHARMA.NSE_IDX,12320.8,12400.55,12273.6,12363.95
2021-04-05,NIFTY PHARMA.NSE_IDX,12377.75,12381.45,12129.25,12333.5
2021-04-06,NIFTY PHARMA.NSE_IDX,12345.1,12562.1,12321.7,12551.65
2021-04-07,NIFTY PHARMA.NSE_IDX,12597.0,12695.1,12549.5,12598.1
2021-04-08,NIFTY PHARMA.NSE_IDX,12630.15,12739.05,12592.75,12611.4
2021-04-09,NIFTY PHARMA.NSE_IDX,12603.6,13074.0,12582.6,13015.6
2021-04-12,NIFTY PHARMA.NSE_IDX,13020.65,13301.6,12758.65,13057.2
2021-04-13,NIFTY PHARMA.NSE_IDX,13155.0,13205.5,12733.0,12840.05
2021-04-15,NIFTY PHARMA.NSE_IDX,12914.65,13054.5,12798.6,12976.7
2021-04-16,NIFTY PHARMA.NSE_IDX,13016.45,13309.7,12892.0,13214.25
2021-04-19,NIFTY PHARMA.NSE_IDX,13233.2,13342.25,12999.8,13286.3
2021-04-20,NIFTY PHARMA.NSE_IDX,13426.05,13583.05,13324.25,13410.7
2021-04-22,NIFTY PHARMA.NSE_IDX,13496.55,13633.4,13347.2,13372.0
2021-04-23,NIFTY PHARMA.NSE_IDX,13373.1,13476.55,13169.0,13319.8
2021-04-26,NIFTY PHARMA.NSE_IDX,13418.6,13418.6,13186.25,13201.75
2021-04-27,NIFTY PHARMA.NSE_IDX,13247.55,13310.65,13145.05,13295.45
2021-04-28,NIFTY PHARMA.NSE_IDX,13347.65,13367.4,13227.2,13235.05
2021-04-29,NIFTY PHARMA.NSE_IDX,13301.85,13401.5,13222.6,13308.45
2021-04-30,NIFTY PHARMA.NSE_IDX,13271.35,13619.55,13263.35,13459.15
2021-05-03,NIFTY PHARMA.NSE_IDX,13491.95,13580.5,13408.2,13508.95
2021-05-04,NIFTY PHARMA.NSE_IDX,13573.85,13573.85,13200.7,13258.1
2021-05-05,NIFTY PHARMA.NSE_IDX,13295.25,13809.15,13210.5,13802.85
2021-05-06,NIFTY PHARMA.NSE_IDX,13897.55,13960.8,13651.2,13735.85
2021-05-07,NIFTY PHARMA.NSE_IDX,13799.25,13924.7,13718.65,13755.55
2021-05-10,NIFTY PHARMA.NSE_IDX,13965.5,14228.4,13861.45,14138.1
2021-05-11,NIFTY PHARMA.NSE_IDX,14112.65,14282.9,14013.25,14064.2
2021-05-12,NIFTY PHARMA.NSE_IDX,14135.1,14224.5,14000.1,14079.85
2021-05-14,NIFTY PHARMA.NSE_IDX,14141.1,14252.35,13848.95,13900.55
2021-05-17,NIFTY PHARMA.NSE_IDX,13921.3,13958.6,13741.25,13866.8
2021-05-18,NIFTY PHARMA.NSE_IDX,13934.35,13995.35,13804.7,13834.55
2021-05-19,NIFTY PHARMA.NSE_IDX,13859.6,14039.1,13839.2,14009.15
2021-05-20,NIFTY PHARMA.NSE_IDX,14025.35,14056.2,13903.1,14002.8
2021-05-21,NIFTY PHARMA.NSE_IDX,14036.75,14085.65,13974.45,13993.5
2021-05-24,NIFTY PHARMA.NSE_IDX,14028.85,14171.4,14015.6,14055.0
2021-05-25,NIFTY PHARMA.NSE_IDX,14120.9,14127.6,14025.95,14099.55
2021-05-26,NIFTY PHARMA.NSE_IDX,14138.75,14228.6,14088.3,14133.1
2021-05-27,NIFTY PHARMA.NSE_IDX,14157.1,14169.7,14022.75,14122.35
2021-05-28,NIFTY PHARMA.NSE_IDX,14092.35,14098.4,13893.55,13946.3
2021-05-31,NIFTY PHARMA.NSE_IDX,14001.2,14074.75,13849.3,14037.4
2021-06-01,NIFTY PHARMA.NSE_IDX,14086.05,14109.05,13939.45,14052.45
2021-06-02,NIFTY PHARMA.NSE_IDX,14058.1,14189.5,14052.25,14142.25
2021-06-03,NIFTY PHARMA.NSE_IDX,14176.25,14206.95,14079.65,14120.85
2021-06-04,NIFTY PHARMA.NSE_IDX,14150.25,14156.65,14050.45,14101.4
2021-06-07,NIFTY PHARMA.NSE_IDX,14126.95,14151.2,14049.05,14063.8
2021-06-08,NIFTY PHARMA.NSE_IDX,14064.4,14207.3,13920.2,14202.9
2021-06-09,NIFTY PHARMA.NSE_IDX,14220.35,14362.45,14046.75,14127.1
2021-06-10,NIFTY PHARMA.NSE_IDX,14140.9,14369.35,14138.5,14318.95
2021-06-11,NIFTY PHARMA.NSE_IDX,14331.95,14530.95,14300.1,14470.7
2021-06-14,NIFTY PHARMA.NSE_IDX,14447.75,14525.35,14217.45,14450.8
2021-06-15,NIFTY PHARMA.NSE_IDX,14464.5,14505.0,14309.55,14328.7
2021-06-16,NIFTY PHARMA.NSE_IDX,14336.1,14354.0,14183.1,14187.95
2021-06-17,NIFTY PHARMA.NSE_IDX,14193.45,14245.85,13987.05,14071.4
2021-06-18,NIFTY PHARMA.NSE_IDX,14110.5,14194.9,13855.1,14042.65
2021-06-21,NIFTY PHARMA.NSE_IDX,13949.55,14103.2,13899.65,14098.5
2021-06-22,NIFTY PHARMA.NSE_IDX,14126.1,14146.1,14028.15,14096.1
2021-06-23,NIFTY PHARMA.NSE_IDX,14115.45,14179.6,14003.8,14013.5
2021-06-24,NIFTY PHARMA.NSE_IDX,14019.25,14058.65,13900.05,13969.45
2021-06-25,NIFTY PHARMA.NSE_IDX,13982.9,14133.45,13968.95,14061.65
2021-06-28,NIFTY PHARMA.NSE_IDX,14120.35,14308.9,14095.0,14261.15
2021-06-29,NIFTY PHARMA.NSE_IDX,14241.8,14353.25,14205.6,14341.45
2021-06-30,NIFTY PHARMA.NSE_IDX,14379.2,14422.45,14288.15,14290.6
2021-07-01,NIFTY PHARMA.NSE_IDX,14327.4,14465.35,14294.4,14449.95
2021-07-02,NIFTY PHARMA.NSE_IDX,14489.95,14575.3,14461.05,14528.45
2021-07-05,NIFTY PHARMA.NSE_IDX,14575.35,14597.9,14500.6,14536.7
2021-07-06,NIFTY PHARMA.NSE_IDX,14519.35,14539.65,14377.05,14407.25
2021-07-07,NIFTY PHARMA.NSE_IDX,14354.0,14471.4,14320.2,14448.35
2021-07-08,NIFTY PHARMA.NSE_IDX,14424.15,14484.3,14240.3,14269.05
2021-07-09,NIFTY PHARMA.NSE_IDX,14260.45,14390.5,14243.85,14365.65
2021-07-12,NIFTY PHARMA.NSE_IDX,14409.15,14447.85,14322.8,14367.5
2021-07-13,NIFTY PHARMA.NSE_IDX,14405.55,14519.95,14372.7,14465.1
2021-07-14,NIFTY PHARMA.NSE_IDX,14457.0,14547.55,14424.05,14499.15
2021-07-15,NIFTY PHARMA.NSE_IDX,14530.6,14564.2,14444.3,14478.45
2021-07-16,NIFTY PHARMA.NSE_IDX,14486.1,14715.15,14478.15,14627.65
2021-07-19,NIFTY PHARMA.NSE_IDX,14556.75,14707.0,14549.85,14679.6
2021-07-20,NIFTY PHARMA.NSE_IDX,14680.6,14689.4,14453.95,14469.7
2021-07-22,NIFTY PHARMA.NSE_IDX,14549.5,14590.55,14457.65,14576.85
2021-07-23,NIFTY PHARMA.NSE_IDX,14557.15,14630.05,14500.05,14596.0
2021-07-26,NIFTY PHARMA.NSE_IDX,14604.65,14711.2,14591.85,14643.3
2021-07-27,NIFTY PHARMA.NSE_IDX,14702.95,14713.15,13866.8,14037.4
2021-07-28,NIFTY PHARMA.NSE_IDX,14075.0,14092.0,13794.9,13968.0
2021-07-29,NIFTY PHARMA.NSE_IDX,14032.15,14072.6,13834.85,13900.85
2021-07-30,NIFTY PHARMA.NSE_IDX,13962.35,14479.1,13903.8,14432.95
2021-08-02,NIFTY PHARMA.NSE_IDX,14516.0,14588.65,14381.65,14459.0
2021-08-03,NIFTY PHARMA.NSE_IDX,14498.7,14690.4,14457.95,14634.45
2021-08-04,NIFTY PHARMA.NSE_IDX,14654.65,14743.3,14562.35,14591.0
2021-08-05,NIFTY PHARMA.NSE_IDX,14640.3,14689.55,14540.5,14574.35
2021-08-06,NIFTY PHARMA.NSE_IDX,14599.3,14612.55,14490.25,14515.25
2021-08-09,NIFTY PHARMA.NSE_IDX,14589.75,14595.35,14409.35,14525.75
2021-08-10,NIFTY PHARMA.NSE_IDX,14582.25,14622.15,14375.0,14483.65
2021-08-11,NIFTY PHARMA.NSE_IDX,14477.75,14480.75,14145.45,14282.4
2021-08-12,NIFTY PHARMA.NSE_IDX,14291.5,14291.5,14120.05,14129.95
2021-08-13,NIFTY PHARMA.NSE_IDX,14083.6,14190.45,13930.3,14037.6
2021-08-16,NIFTY PHARMA.NSE_IDX,14036.4,14074.5,13900.7,13960.75
2021-08-17,NIFTY PHARMA.NSE_IDX,13986.75,14118.8,13969.75,14029.25
2021-08-18,NIFTY PHARMA.NSE_IDX,14070.6,14184.15,14024.7,14062.95
2021-08-20,NIFTY PHARMA.NSE_IDX,13983.95,14017.8,13601.3,13697.55
2021-08-23,NIFTY PHARMA.NSE_IDX,13856.8,13911.2,13625.4,13699.6
2021-08-24,NIFTY PHARMA.NSE_IDX,13758.3,13902.35,13578.9,13860.65
2021-08-25,NIFTY PHARMA.NSE_IDX,13874.4,13902.85,13767.9,13823.05
2021-08-26,NIFTY PHARMA.NSE_IDX,13821.95,13874.2,13729.1,13763.3
2021-08-27,NIFTY PHARMA.NSE_IDX,13778.9,13965.8,13738.45,13937.4
2021-08-30,NIFTY PHARMA.NSE_IDX,13975.1,14246.45,13960.8,14230.5
2021-08-31,NIFTY PHARMA.NSE_IDX,14251.35,14370.25,14185.95,14345.65
2021-09-01,NIFTY PHARMA.NSE_IDX,14375.9,14452.95,14277.75,14311.2
2021-09-02,NIFTY PHARMA.NSE_IDX,14373.55,14500.4,14364.0,14448.8
2021-09-06,NIFTY PHARMA.NSE_IDX,14540.95,14562.25,14449.25,14468.25
2021-09-07,NIFTY PHARMA.NSE_IDX,14488.05,14503.3,14341.5,14369.05
2021-09-08,NIFTY PHARMA.NSE_IDX,14396.8,14410.9,14248.0,14342.9
2021-09-09,NIFTY PHARMA.NSE_IDX,14300.3,14339.65,14247.8,14332.65
2021-09-13,NIFTY PHARMA.NSE_IDX,14339.3,14389.7,14258.05,14373.35
2021-09-14,NIFTY PHARMA.NSE_IDX,14440.7,14505.15,14373.35,14411.2
2021-09-16,NIFTY PHARMA.NSE_IDX,14494.05,14538.8,14456.2,14480.1
2021-09-17,NIFTY PHARMA.NSE_IDX,14550.75,14557.95,14288.05,14354.4
2021-09-20,NIFTY PHARMA.NSE_IDX,14281.0,14372.65,14040.5,14053.45
2021-09-21,NIFTY PHARMA.NSE_IDX,14093.85,14300.0,14033.4,14258.3
2021-09-22,NIFTY PHARMA.NSE_IDX,14267.35,14386.4,14242.7,14337.15
2021-09-24,NIFTY PHARMA.NSE_IDX,14402.8,14457.7,14247.5,14291.0
2021-09-27,NIFTY PHARMA.NSE_IDX,14297.55,14316.15,14106.7,14152.35
2021-09-28,NIFTY PHARMA.NSE_IDX,14196.95,14272.1,13956.15,14272.1
2021-09-29,NIFTY PHARMA.NSE_IDX,14203.5,14515.45,14172.5,14401.95
2021-09-30,NIFTY PHARMA.NSE_IDX,14427.7,14604.7,14398.0,14463.1
2021-10-01,NIFTY PHARMA.NSE_IDX,14424.3,14603.9,14397.55,14579.05
2021-10-04,NIFTY PHARMA.NSE_IDX,14649.1,14938.25,14643.95,14799.5
2021-10-05,NIFTY PHARMA.NSE_IDX,14816.9,14849.85,14619.65,14724.15
2021-10-06,NIFTY PHARMA.NSE_IDX,14750.05,14775.3,14435.75,14468.3
2021-10-07,NIFTY PHARMA.NSE_IDX,14564.45,14591.35,14489.9,14553.9
2021-10-08,NIFTY PHARMA.NSE_IDX,14624.1,14656.5,14468.9,14514.15
2021-10-11,NIFTY PHARMA.NSE_IDX,14588.5,14651.25,14502.8,14622.45
2021-10-12,NIFTY PHARMA.NSE_IDX,14650.55,14726.1,14521.0,14642.65
2021-10-13,NIFTY PHARMA.NSE_IDX,14680.4,14725.25,14626.85,14663.75
2021-10-14,NIFTY PHARMA.NSE_IDX,14711.0,14802.4,14698.75,14735.75
2021-10-18,NIFTY PHARMA.NSE_IDX,14771.25,14795.9,14570.85,14586.5
2021-10-19,NIFTY PHARMA.NSE_IDX,14626.3,14682.95,14357.15,14365.65
2021-10-20,NIFTY PHARMA.NSE_IDX,14360.4,14424.15,14127.6,14184.6
2021-10-21,NIFTY PHARMA.NSE_IDX,14300.9,14306.15,13990.9,14183.75
2021-10-22,NIFTY PHARMA.NSE_IDX,14207.65,14215.05,13891.85,13949.4
2021-10-25,NIFTY PHARMA.NSE_IDX,13945.1,13983.25,13637.55,13956.1
2021-10-26,NIFTY PHARMA.NSE_IDX,14004.25,14036.6,13882.1,13982.25
2021-10-27,NIFTY PHARMA.NSE_IDX,14002.25,14202.15,13993.85,14085.15
2021-10-28,NIFTY PHARMA.NSE_IDX,14092.6,14129.1,13736.75,13776.65
2021-10-29,NIFTY PHARMA.NSE_IDX,13735.5,14092.8,13587.25,13890.45
2021-11-01,NIFTY PHARMA.NSE_IDX,13952.1,14072.55,13830.15,14057.2
2021-11-02,NIFTY PHARMA.NSE_IDX,14060.8,14098.45,13878.3,13990.3
2021-11-03,NIFTY PHARMA.NSE_IDX,14022.85,14053.85,13818.3,13892.9
2021-11-08,NIFTY PHARMA.NSE_IDX,13912.2,13915.45,13639.55,13871.85
2021-11-09,NIFTY PHARMA.NSE_IDX,13920.1,14061.25,13851.2,13874.7
2021-11-10,NIFTY PHARMA.NSE_IDX,13849.7,13957.65,13823.9,13900.1
2021-11-11,NIFTY PHARMA.NSE_IDX,13896.2,13901.35,13685.7,13722.65
2021-11-12,NIFTY PHARMA.NSE_IDX,13806.6,13807.5,13685.15,13782.2
2021-11-15,NIFTY PHARMA.NSE_IDX,13790.45,13996.85,13770.9,13961.45
2021-11-16,NIFTY PHARMA.NSE_IDX,14008.35,14016.95,13776.05,13788.7
2021-11-17,NIFTY PHARMA.NSE_IDX,13793.2,13800.6,13592.45,13596.2
2021-11-18,NIFTY PHARMA.NSE_IDX,13608.5,13620.4,13388.65,13458.95
2021-11-22,NIFTY PHARMA.NSE_IDX,13513.35,13544.25,13176.3,13238.55
2021-11-23,NIFTY PHARMA.NSE_IDX,13206.0,13534.35,13152.55,13497.8
2021-11-24,NIFTY PHARMA.NSE_IDX,13518.4,13557.8,13379.9,13391.95
2021-11-25,NIFTY PHARMA.NSE_IDX,13414.4,13583.45,13385.35,13566.35
2021-11-26,NIFTY PHARMA.NSE_IDX,13487.3,13990.4,13455.25,13776.5
2021-11-29,NIFTY PHARMA.NSE_IDX,13910.95,13998.15,13622.5,13628.7
2021-11-30,NIFTY PHARMA.NSE_IDX,13656.8,13777.7,13600.95,13625.8
2021-12-01,NIFTY PHARMA.NSE_IDX,13721.25,13782.65,13380.5,13462.3
2021-12-02,NIFTY PHARMA.NSE_IDX,13510.85,13585.3,13472.35,13559.7
2021-12-03,NIFTY PHARMA.NSE_IDX,13608.0,13610.25,13426.45,13446.5
2021-12-06,NIFTY PHARMA.NSE_IDX,13463.55,13467.8,13168.5,13194.05
2021-12-07,NIFTY PHARMA.NSE_IDX,13238.6,13280.85,13132.55,13259.2
2021-12-08,NIFTY PHARMA.NSE_IDX,13300.2,13456.95,13280.2,13450.3
2021-12-09,NIFTY PHARMA.NSE_IDX,13482.2,13504.9,13400.8,13447.25
2021-12-10,NIFTY PHARMA.NSE_IDX,13428.1,13527.2,13427.65,13434.8
2021-12-13,NIFTY PHARMA.NSE_IDX,13537.6,13552.3,13398.75,13434.0
2021-12-14,NIFTY PHARMA.NSE_IDX,13419.25,13601.4,13402.3,13565.35
2021-12-15,NIFTY PHARMA.NSE_IDX,13569.0,13576.3,13406.4,13512.9
2021-12-16,NIFTY PHARMA.NSE_IDX,13603.2,13604.5,13316.55,13409.95
2021-12-17,NIFTY PHARMA.NSE_IDX,13410.5,13420.75,13152.95,13214.35
2021-12-20,NIFTY PHARMA.NSE_IDX,13177.15,13259.05,13005.2,13159.0
2021-12-21,NIFTY PHARMA.NSE_IDX,13217.9,13335.9,13181.6,13286.9
2021-12-23,NIFTY PHARMA.NSE_IDX,13618.15,13668.35,13588.9,13636.15
2021-12-24,NIFTY PHARMA.NSE_IDX,13676.8,13677.8,13467.55,13485.25
2021-12-27,NIFTY PHARMA.NSE_IDX,13491.4,13723.8,13472.1,13700.0
2021-12-28,NIFTY PHARMA.NSE_IDX,13739.0,13857.5,13705.3,13848.1
2021-12-29,NIFTY PHARMA.NSE_IDX,13881.8,14112.45,13857.75,14041.2
2021-12-30,NIFTY PHARMA.NSE_IDX,14075.4,14174.2,14036.6,14139.4
2021-12-31,NIFTY PHARMA.NSE_IDX,14164.6,14254.1,14133.4,14212.2
2022-01-03,NIFTY PHARMA.NSE_IDX,14247.65,14280.0,14148.05,14162.25
2022-01-04,NIFTY PHARMA.NSE_IDX,14207.05,14239.45,14017.55,14050.2
2022-01-05,NIFTY PHARMA.NSE_IDX,14090.3,14136.15,13968.95,14014.25
2022-01-06,NIFTY PHARMA.NSE_IDX,13988.5,14066.8,13878.3,13899.5
2022-01-07,NIFTY PHARMA.NSE_IDX,13949.9,13961.75,13841.95,13860.45
2022-01-10,NIFTY PHARMA.NSE_IDX,13896.05,13905.4,13800.4,13856.65
2022-01-11,NIFTY PHARMA.NSE_IDX,13881.7,13974.6,13834.15,13845.1
2022-01-12,NIFTY PHARMA.NSE_IDX,13935.2,13939.25,13765.25,13824.7
2022-01-13,NIFTY PHARMA.NSE_IDX,13856.5,14097.45,13843.6,14058.1
2022-01-14,NIFTY PHARMA.NSE_IDX,14024.55,14082.85,13935.65,13950.0
2022-01-17,NIFTY PHARMA.NSE_IDX,13954.75,13970.15,13819.7,13861.25
2022-01-18,NIFTY PHARMA.NSE_IDX,13887.2,13962.9,13676.8,13703.95
2022-01-19,NIFTY PHARMA.NSE_IDX,13701.05,13726.25,13536.2,13670.95
2022-01-20,NIFTY PHARMA.NSE_IDX,13695.9,13712.75,13415.75,13473.8
2022-01-21,NIFTY PHARMA.NSE_IDX,13409.65,13417.6,13150.7,13255.75
2022-01-24,NIFTY PHARMA.NSE_IDX,13225.1,13238.6,12846.55,12969.6
2022-01-25,NIFTY PHARMA.NSE_IDX,12910.3,13120.45,12776.0,13096.05
2022-01-27,NIFTY PHARMA.NSE_IDX,12973.8,12981.0,12767.4,12826.1
2022-01-28,NIFTY PHARMA.NSE_IDX,12850.55,13208.8,12834.2,12988.6
2022-01-31,NIFTY PHARMA.NSE_IDX,13081.1,13260.65,13068.85,13172.3
2022-02-01,NIFTY PHARMA.NSE_IDX,13280.05,13495.0,13222.7,13476.8
2022-02-02,NIFTY PHARMA.NSE_IDX,13517.2,13656.95,13484.2,13641.0
2022-02-03,NIFTY PHARMA.NSE_IDX,13656.85,13667.05,13561.25,13589.65
2022-02-04,NIFTY PHARMA.NSE_IDX,13637.85,13688.55,13554.4,13570.1
2022-02-07,NIFTY PHARMA.NSE_IDX,13569.15,13590.55,13313.5,13355.8
2022-02-08,NIFTY PHARMA.NSE_IDX,13390.7,13508.55,13318.2,13434.95
2022-02-09,NIFTY PHARMA.NSE_IDX,13467.4,13612.2,13447.1,13565.4
2022-02-10,NIFTY PHARMA.NSE_IDX,13602.8,13646.5,13505.85,13586.85
2022-02-11,NIFTY PHARMA.NSE_IDX,13524.9,13583.25,13452.8,13483.25
2022-02-14,NIFTY PHARMA.NSE_IDX,13334.6,13482.7,13218.25,13227.2
2022-02-15,NIFTY PHARMA.NSE_IDX,13192.95,13368.1,13162.55,13364.15
2022-02-16,NIFTY PHARMA.NSE_IDX,13421.05,13519.75,13332.7,13409.2
2022-02-17,NIFTY PHARMA.NSE_IDX,13472.15,13475.75,13310.0,13322.45
2022-02-18,NIFTY PHARMA.NSE_IDX,13303.75,13303.75,13189.5,13202.35
2022-02-21,NIFTY PHARMA.NSE_IDX,13173.75,13221.6,12999.25,13022.35
2022-02-22,NIFTY PHARMA.NSE_IDX,12807.3,12976.35,12768.45,12952.7
2022-02-23,NIFTY PHARMA.NSE_IDX,13010.9,13077.65,12952.5,12968.1
2022-02-24,NIFTY PHARMA.NSE_IDX,12677.75,12808.7,12467.9,12494.1
2022-02-25,NIFTY PHARMA.NSE_IDX,12622.85,12925.5,12593.1,12895.0
2022-02-28,NIFTY PHARMA.NSE_IDX,12807.4,12946.2,12707.9,12927.5
2022-03-02,NIFTY PHARMA.NSE_IDX,12841.25,12938.85,12637.8,12687.35
2022-03-03,NIFTY PHARMA.NSE_IDX,12793.6,12815.3,12617.15,12650.3
2022-03-04,NIFTY PHARMA.NSE_IDX,12558.5,12731.05,12478.1,12599.3
2022-03-07,NIFTY PHARMA.NSE_IDX,12436.75,12570.7,12290.9,12542.55
2022-03-08,NIFTY PHARMA.NSE_IDX,12534.0,12873.75,12524.85,12841.9
2022-03-09,NIFTY PHARMA.NSE_IDX,12929.75,13130.5,12864.3,13043.0
2022-03-10,NIFTY PHARMA.NSE_IDX,13157.9,13227.1,13041.55,13057.75
2022-03-11,NIFTY PHARMA.NSE_IDX,13073.65,13426.5,13031.1,13396.4
2022-03-14,NIFTY PHARMA.NSE_IDX,13420.35,13452.4,13315.1,13344.0
2022-03-15,NIFTY PHARMA.NSE_IDX,13358.6,13556.1,13250.1,13309.95
2022-03-16,NIFTY PHARMA.NSE_IDX,13446.5,13447.3,13256.1,13356.4
2022-03-17,NIFTY PHARMA.NSE_IDX,13439.65,13566.15,13436.35,13553.2
2022-03-21,NIFTY PHARMA.NSE_IDX,13632.1,13749.4,13530.9,13541.45
2022-03-22,NIFTY PHARMA.NSE_IDX,13554.5,13577.75,13400.9,13513.8
2022-03-23,NIFTY PHARMA.NSE_IDX,13582.45,13725.15,13541.45,13553.6
2022-03-24,NIFTY PHARMA.NSE_IDX,13501.9,13783.45,13474.6,13701.7
2022-03-25,NIFTY PHARMA.NSE_IDX,13771.8,13785.65,13530.3,13620.25
2022-03-28,NIFTY PHARMA.NSE_IDX,13642.2,13722.05,13491.9,13563.0
2022-03-29,NIFTY PHARMA.NSE_IDX,13602.95,13791.7,13564.05,13752.45
2022-03-30,NIFTY PHARMA.NSE_IDX,13831.35,13840.9,13703.35,13729.35
2022-03-31,NIFTY PHARMA.NSE_IDX,13750.75,13800.65,13542.3,13598.65
2022-04-01,NIFTY PHARMA.NSE_IDX,13609.9,13647.05,13524.0,13587.0
2022-04-04,NIFTY PHARMA.NSE_IDX,13630.45,13806.5,13571.45,13775.7
2022-04-05,NIFTY PHARMA.NSE_IDX,13837.2,13903.55,13777.45,13792.9
2022-04-06,NIFTY PHARMA.NSE_IDX,13786.55,13907.65,13744.5,13765.85
2022-04-07,NIFTY PHARMA.NSE_IDX,13786.7,13972.45,13779.15,13816.3
2022-04-08,NIFTY PHARMA.NSE_IDX,13875.05,13923.1,13715.4,13849.9
2022-04-11,NIFTY PHARMA.NSE_IDX,13827.0,13948.25,13818.9,13839.25
2022-04-12,NIFTY PHARMA.NSE_IDX,13801.0,13879.5,13661.5,13737.3
2022-04-13,NIFTY PHARMA.NSE_IDX,13761.15,13849.15,13698.7,13762.5
2022-04-18,NIFTY PHARMA.NSE_IDX,13699.4,13823.45,13612.3,13710.35
2022-04-19,NIFTY PHARMA.NSE_IDX,13774.35,13853.15,13413.45,13440.35
2022-04-20,NIFTY PHARMA.NSE_IDX,13572.9,13722.35,13492.05,13657.05
2022-04-21,NIFTY PHARMA.NSE_IDX,13703.6,13838.1,13670.25,13812.0
2022-04-22,NIFTY PHARMA.NSE_IDX,13786.8,13786.8,13516.6,13574.5
2022-04-25,NIFTY PHARMA.NSE_IDX,13441.95,13516.8,13263.1,13314.65
2022-04-26,NIFTY PHARMA.NSE_IDX,13384.4,13505.65,13376.05,13446.45
2022-04-27,NIFTY PHARMA.NSE_IDX,13365.65,13416.45,13258.8,13361.15
2022-04-28,NIFTY PHARMA.NSE_IDX,13473.35,13547.15,13377.6,13449.95
2022-04-29,NIFTY PHARMA.NSE_IDX,13507.1,13765.95,13429.25,13467.75
2022-05-02,NIFTY PHARMA.NSE_IDX,13397.3,13479.5,13323.5,13463.25
2022-05-04,NIFTY PHARMA.NSE_IDX,13462.2,13510.7,13068.2,13118.3
2022-05-05,NIFTY PHARMA.NSE_IDX,13179.0,13284.55,12968.15,12976.6
2022-05-06,NIFTY PHARMA.NSE_IDX,12840.85,12896.4,12726.55,12811.9
2022-05-09,NIFTY PHARMA.NSE_IDX,12727.65,12856.65,12665.3,12781.85
2022-05-10,NIFTY PHARMA.NSE_IDX,12753.9,12869.4,12557.75,12574.25
2022-05-11,NIFTY PHARMA.NSE_IDX,12530.15,12632.2,12407.6,12570.45
2022-05-12,NIFTY PHARMA.NSE_IDX,12514.8,12521.6,12299.2,12448.85
2022-05-13,NIFTY PHARMA.NSE_IDX,12534.25,12764.6,12521.9,12603.25
2022-05-16,NIFTY PHARMA.NSE_IDX,12634.7,12687.4,12536.55,12605.05
2022-05-17,NIFTY PHARMA.NSE_IDX,12627.45,12759.15,12548.65,12752.45
2022-05-18,NIFTY PHARMA.NSE_IDX,12767.8,12942.9,12756.3,12887.7
2022-05-19,NIFTY PHARMA.NSE_IDX,12669.8,12743.4,12574.05,12618.2
2022-05-20,NIFTY PHARMA.NSE_IDX,12718.8,13089.4,12707.95,13049.25
2022-05-23,NIFTY PHARMA.NSE_IDX,13121.0,13253.8,12854.0,12868.65
2022-05-24,NIFTY PHARMA.NSE_IDX,12908.8,12926.2,12666.3,12714.25
2022-05-25,NIFTY PHARMA.NSE_IDX,12762.65,12808.3,12526.05,12549.85
2022-05-26,NIFTY PHARMA.NSE_IDX,12606.4,12655.25,12398.4,12578.2
2022-05-27,NIFTY PHARMA.NSE_IDX,12635.4,12688.05,12555.85,12657.2
2022-05-30,NIFTY PHARMA.NSE_IDX,12731.65,12822.65,12662.9,12673.4
2022-05-31,NIFTY PHARMA.NSE_IDX,12608.25,12690.55,12527.8,12628.3
2022-06-01,NIFTY PHARMA.NSE_IDX,12665.85,12665.85,12393.9,12463.9
2022-06-02,NIFTY PHARMA.NSE_IDX,12407.4,12518.6,12376.7,12504.55
2022-06-03,NIFTY PHARMA.NSE_IDX,12556.8,12622.35,12401.65,12422.0
2022-06-06,NIFTY PHARMA.NSE_IDX,12406.6,12463.8,12360.6,12397.9
2022-06-07,NIFTY PHARMA.NSE_IDX,12352.85,12362.7,12189.65,12266.65
2022-06-08,NIFTY PHARMA.NSE_IDX,12279.9,12341.15,12170.45,12312.35
2022-06-09,NIFTY PHARMA.NSE_IDX,12284.8,12481.95,12228.1,12449.85
2022-06-10,NIFTY PHARMA.NSE_IDX,12363.7,12447.65,12330.2,12397.45
2022-06-13,NIFTY PHARMA.NSE_IDX,12288.25,12410.75,12130.65,12200.3
2022-06-14,NIFTY PHARMA.NSE_IDX,12140.3,12283.35,12135.75,12226.0
2022-06-15,NIFTY PHARMA.NSE_IDX,12248.4,12299.55,12204.75,12237.6
2022-06-16,NIFTY PHARMA.NSE_IDX,12321.6,12330.5,12022.45,12072.6
2022-06-17,NIFTY PHARMA.NSE_IDX,12000.65,12038.25,11745.05,11805.55
2022-06-20,NIFTY PHARMA.NSE_IDX,11815.0,11886.1,11726.4,11858.65
2022-06-21,NIFTY PHARMA.NSE_IDX,11887.0,12118.05,11882.7,12095.45
2022-06-22,NIFTY PHARMA.NSE_IDX,12050.65,12147.65,11893.15,11939.6
2022-06-23,NIFTY PHARMA.NSE_IDX,11969.95,12145.05,11947.9,12120.7
2022-06-24,NIFTY PHARMA.NSE_IDX,12173.25,12270.5,12150.55,12164.9
2022-06-27,NIFTY PHARMA.NSE_IDX,12275.8,12325.75,12200.1,12210.2
2022-06-28,NIFTY PHARMA.NSE_IDX,12224.4,12235.95,12100.85,12222.25
2022-06-29,NIFTY PHARMA.NSE_IDX,12139.45,12249.8,12099.35,12211.6
2022-06-30,NIFTY PHARMA.NSE_IDX,12176.15,12252.6,12110.2,12135.6
2022-07-01,NIFTY PHARMA.NSE_IDX,12124.45,12296.3,12084.0,12267.7
2022-07-04,NIFTY PHARMA.NSE_IDX,12240.3,12344.55,12143.95,12210.0
2022-07-05,NIFTY PHARMA.NSE_IDX,12254.65,12373.9,12217.4,12239.65
2022-07-06,NIFTY PHARMA.NSE_IDX,12264.0,12350.7,12220.4,12347.2
2022-07-07,NIFTY PHARMA.NSE_IDX,12416.1,12450.85,12370.6,12386.6
2022-07-08,NIFTY PHARMA.NSE_IDX,12449.3,12460.05,12392.35,12439.2
2022-07-11,NIFTY PHARMA.NSE_IDX,12447.85,12598.7,12386.9,12544.4
2022-07-12,NIFTY PHARMA.NSE_IDX,12516.5,12587.3,12428.75,12434.05
2022-07-13,NIFTY PHARMA.NSE_IDX,12494.7,12639.15,12442.55,12631.55
2022-07-14,NIFTY PHARMA.NSE_IDX,12664.4,12855.65,12630.5,12734.05
2022-07-15,NIFTY PHARMA.NSE_IDX,12775.4,12800.75,12665.0,12727.4
2022-07-18,NIFTY PHARMA.NSE_IDX,12827.35,12869.4,12668.45,12702.6
2022-07-19,NIFTY PHARMA.NSE_IDX,12680.4,12820.25,12663.15,12667.6
2022-07-20,NIFTY PHARMA.NSE_IDX,12786.4,12786.4,12685.6,12699.65
2022-07-21,NIFTY PHARMA.NSE_IDX,12710.1,12756.35,12599.5,12660.3
2022-07-22,NIFTY PHARMA.NSE_IDX,12687.8,12711.15,12573.9,12599.45
2022-07-25,NIFTY PHARMA.NSE_IDX,12612.35,12640.8,12454.25,12465.95
2022-07-26,NIFTY PHARMA.NSE_IDX,12495.65,12508.8,12325.0,12340.85
2022-07-27,NIFTY PHARMA.NSE_IDX,12341.65,12647.75,12301.85,12633.85
2022-07-28,NIFTY PHARMA.NSE_IDX,12665.6,12682.2,12500.2,12654.45
2022-07-29,NIFTY PHARMA.NSE_IDX,12677.75,12835.45,12526.3,12774.8
2022-08-01,NIFTY PHARMA.NSE_IDX,12835.4,12883.75,12707.7,12756.3
2022-08-02,NIFTY PHARMA.NSE_IDX,12765.5,12792.95,12699.95,12752.0
2022-08-03,NIFTY PHARMA.NSE_IDX,12789.05,12829.1,12618.2,12685.3
2022-08-04,NIFTY PHARMA.NSE_IDX,12727.5,12992.25,12681.3,12975.7
2022-08-05,NIFTY PHARMA.NSE_IDX,13003.85,13068.3,12920.0,12936.55
2022-08-08,NIFTY PHARMA.NSE_IDX,12952.05,12962.95,12878.1,12938.4
2022-08-10,NIFTY PHARMA.NSE_IDX,12986.25,13053.1,12915.5,12933.4
2022-08-11,NIFTY PHARMA.NSE_IDX,12998.4,13033.75,12961.4,13014.95
2022-08-12,NIFTY PHARMA.NSE_IDX,13016.5,13017.5,12830.45,12859.65
2022-08-16,NIFTY PHARMA.NSE_IDX,12896.75,12962.6,12867.85,12940.65
2022-08-17,NIFTY PHARMA.NSE_IDX,12987.0,13011.9,12936.35,12979.25
2022-08-18,NIFTY PHARMA.NSE_IDX,12934.35,12948.35,12797.45,12935.15
2022-08-19,NIFTY PHARMA.NSE_IDX,12935.95,12982.05,12771.75,12780.0
2022-08-22,NIFTY PHARMA.NSE_IDX,12723.35,12794.6,12565.5,12585.7
2022-08-23,NIFTY PHARMA.NSE_IDX,12499.45,12710.05,12498.8,12695.3
2022-08-24,NIFTY PHARMA.NSE_IDX,12716.1,12760.75,12585.85,12630.6
2022-08-25,NIFTY PHARMA.NSE_IDX,12710.75,12717.6,12563.75,12573.1
2022-08-26,NIFTY PHARMA.NSE_IDX,12666.55,12683.25,12569.05,12592.05
2022-08-29,NIFTY PHARMA.NSE_IDX,12380.65,12565.9,12352.65,12555.35
2022-08-30,NIFTY PHARMA.NSE_IDX,12592.85,12715.75,12560.9,12690.35
2022-09-01,NIFTY PHARMA.NSE_IDX,12619.3,12701.95,12546.35,12558.25
2022-09-02,NIFTY PHARMA.NSE_IDX,12587.65,12634.95,12485.45,12492.25
2022-09-05,NIFTY PHARMA.NSE_IDX,12507.95,12579.8,12444.9,12560.85
2022-09-06,NIFTY PHARMA.NSE_IDX,12597.2,12624.3,12567.35,12593.95
2022-09-07,NIFTY PHARMA.NSE_IDX,12542.55,12717.45,12539.9,12688.6
2022-09-08,NIFTY PHARMA.NSE_IDX,12775.6,12776.5,12638.65,12682.8
2022-09-09,NIFTY PHARMA.NSE_IDX,12716.8,12814.25,12662.9,12666.85
2022-09-12,NIFTY PHARMA.NSE_IDX,12707.85,12759.75,12695.1,12709.65
2022-09-13,NIFTY PHARMA.NSE_IDX,12729.9,12762.9,12718.35,12731.85
2022-09-14,NIFTY PHARMA.NSE_IDX,12587.3,12776.15,12587.3,12672.1
2022-09-15,NIFTY PHARMA.NSE_IDX,12704.45,12732.8,12480.7,12518.4
2022-09-16,NIFTY PHARMA.NSE_IDX,12548.0,12556.75,12315.5,12354.6
2022-09-19,NIFTY PHARMA.NSE_IDX,12366.95,12396.15,12185.4,12365.4
2022-09-20,NIFTY PHARMA.NSE_IDX,12422.2,12763.9,12417.3,12745.9
2022-09-21,NIFTY PHARMA.NSE_IDX,12793.65,12834.85,12549.45,12558.05
2022-09-22,NIFTY PHARMA.NSE_IDX,12506.15,12644.95,12500.75,12605.2
2022-09-23,NIFTY PHARMA.NSE_IDX,12602.85,12740.1,12594.5,12604.0
2022-09-26,NIFTY PHARMA.NSE_IDX,12570.85,12614.05,12441.2,12479.85
2022-09-27,NIFTY PHARMA.NSE_IDX,12532.25,12611.85,12457.8,12603.4
2022-09-28,NIFTY PHARMA.NSE_IDX,12548.35,12750.65,12525.7,12679.8
2022-09-29,NIFTY PHARMA.NSE_IDX,12782.6,12962.85,12778.25,12886.15
2022-09-30,NIFTY PHARMA.NSE_IDX,12918.3,12998.3,12813.7,12958.7
2022-10-03,NIFTY PHARMA.NSE_IDX,12981.5,13241.1,12958.45,13116.8
2022-10-04,NIFTY PHARMA.NSE_IDX,13244.5,13246.05,13140.9,13238.4
2022-10-06,NIFTY PHARMA.NSE_IDX,13310.75,13310.75,13150.65,13189.6
2022-10-07,NIFTY PHARMA.NSE_IDX,13169.75,13200.3,13097.85,13129.7
2022-10-10,NIFTY PHARMA.NSE_IDX,13016.05,13084.5,12933.45,13039.05
2022-10-11,NIFTY PHARMA.NSE_IDX,13064.7,13065.75,12805.3,12821.65
2022-10-12,NIFTY PHARMA.NSE_IDX,12861.45,12884.65,12742.9,12836.25
2022-10-13,NIFTY PHARMA.NSE_IDX,12847.85,12936.35,12810.75,12872.5
2022-10-14,NIFTY PHARMA.NSE_IDX,12989.65,13034.4,12933.0,12937.15
2022-10-17,NIFTY PHARMA.NSE_IDX,12932.55,13022.7,12925.2,12997.7
2022-10-18,NIFTY PHARMA.NSE_IDX,13044.25,13064.8,12949.45,13002.1
2022-10-19,NIFTY PHARMA.NSE_IDX,13027.65,13091.35,12955.15,13011.0
2022-10-20,NIFTY PHARMA.NSE_IDX,12962.6,13101.3,12941.65,13086.1
2022-10-21,NIFTY PHARMA.NSE_IDX,13104.8,13150.4,12956.35,12976.7
2022-10-25,NIFTY PHARMA.NSE_IDX,13079.4,13148.35,13033.85,13101.9
2022-10-27,NIFTY PHARMA.NSE_IDX,13170.6,13244.95,13121.65,13237.1
2022-10-28,NIFTY PHARMA.NSE_IDX,13218.4,13218.4,13026.7,13037.65
2022-10-31,NIFTY PHARMA.NSE_IDX,13121.1,13274.55,13112.05,13212.4
2022-11-01,NIFTY PHARMA.NSE_IDX,13254.05,13517.25,13246.2,13470.55
2022-11-02,NIFTY PHARMA.NSE_IDX,13511.5,13736.05,13486.85,13550.95
2022-11-03,NIFTY PHARMA.NSE_IDX,13509.75,13576.45,13487.25,13564.25
2022-11-04,NIFTY PHARMA.NSE_IDX,13578.2,13595.4,13388.35,13423.25
2022-11-07,NIFTY PHARMA.NSE_IDX,13458.85,13493.85,13196.1,13226.05
2022-11-09,NIFTY PHARMA.NSE_IDX,13252.65,13317.7,13053.05,13065.55
2022-11-10,NIFTY PHARMA.NSE_IDX,13076.4,13235.9,12934.0,12993.05
2022-11-11,NIFTY PHARMA.NSE_IDX,13061.35,13165.45,12987.35,13000.2
2022-11-14,NIFTY PHARMA.NSE_IDX,12975.2,13042.05,12811.8,13016.05
2022-11-15,NIFTY PHARMA.NSE_IDX,13054.7,13074.6,12954.55,13042.8
2022-11-16,NIFTY PHARMA.NSE_IDX,13010.55,13099.2,12948.35,12992.3
2022-11-17,NIFTY PHARMA.NSE_IDX,13021.9,13053.8,12924.55,12948.05
2022-11-18,NIFTY PHARMA.NSE_IDX,12980.15,12991.4,12840.3,12861.1
2022-11-21,NIFTY PHARMA.NSE_IDX,12834.95,12857.4,12754.55,12795.75
2022-11-22,NIFTY PHARMA.NSE_IDX,12826.05,12851.6,12766.45,12846.3
2022-11-23,NIFTY PHARMA.NSE_IDX,12890.2,12908.15,12845.1,12880.1
2022-11-24,NIFTY PHARMA.NSE_IDX,12918.4,12942.5,12854.8,12895.5
2022-11-25,NIFTY PHARMA.NSE_IDX,12908.8,12979.15,12830.9,12959.75
2022-11-28,NIFTY PHARMA.NSE_IDX,12965.6,13027.05,12940.95,12997.4
2022-11-29,NIFTY PHARMA.NSE_IDX,13006.35,13102.75,12992.3,13082.75
2022-11-30,NIFTY PHARMA.NSE_IDX,13110.1,13200.55,13059.65,13179.7
2022-12-01,NIFTY PHARMA.NSE_IDX,13215.55,13215.55,13091.1,13105.0
2022-12-02,NIFTY PHARMA.NSE_IDX,13120.8,13125.0,13006.6,13103.7
2022-12-05,NIFTY PHARMA.NSE_IDX,13123.35,13138.8,13000.5,13043.65
2022-12-06,NIFTY PHARMA.NSE_IDX,13037.75,13056.15,12914.05,12959.6
2022-12-07,NIFTY PHARMA.NSE_IDX,12973.85,13000.95,12855.55,12872.9
2022-12-08,NIFTY PHARMA.NSE_IDX,12880.7,12892.95,12702.75,12722.8
2022-12-09,NIFTY PHARMA.NSE_IDX,12766.95,12822.2,12711.1,12772.75
2022-12-12,NIFTY PHARMA.NSE_IDX,12765.05,12799.75,12687.75,12757.75
2022-12-13,NIFTY PHARMA.NSE_IDX,12749.55,12803.95,12702.0,12791.3
2022-12-14,NIFTY PHARMA.NSE_IDX,12846.55,12900.85,12810.65,12869.4
2022-12-15,NIFTY PHARMA.NSE_IDX,12882.85,12944.25,12793.75,12800.6
2022-12-16,NIFTY PHARMA.NSE_IDX,12762.65,12818.6,12616.55,12667.75
2022-12-19,NIFTY PHARMA.NSE_IDX,12636.6,12662.2,12529.55,12642.15
2022-12-20,NIFTY PHARMA.NSE_IDX,12640.4,12647.75,12529.35,12613.95
2022-12-21,NIFTY PHARMA.NSE_IDX,12652.85,12943.6,12645.4,12937.85
2022-12-22,NIFTY PHARMA.NSE_IDX,13027.0,13061.7,12836.95,12906.95
2022-12-23,NIFTY PHARMA.NSE_IDX,12881.1,13094.1,12746.7,12817.6
2022-12-26,NIFTY PHARMA.NSE_IDX,12863.8,12890.5,12644.7,12688.05
2022-12-27,NIFTY PHARMA.NSE_IDX,12688.65,12766.55,12640.7,12704.15
2022-12-28,NIFTY PHARMA.NSE_IDX,12685.55,12745.95,12609.4,12612.7
2022-12-29,NIFTY PHARMA.NSE_IDX,12646.85,12747.75,12528.75,12653.65
2022-12-30,NIFTY PHARMA.NSE_IDX,12699.85,12700.6,12573.4,12593.2
2023-01-02,NIFTY PHARMA.NSE_IDX,12618.75,12622.1,12474.15,12557.85
2023-01-03,NIFTY PHARMA.NSE_IDX,12544.4,12660.85,12515.3,12647.1
2023-01-04,NIFTY PHARMA.NSE_IDX,12659.05,12708.5,12591.65,12599.85
2023-01-05,NIFTY PHARMA.NSE_IDX,12660.15,12768.1,12640.15,12746.45
2023-01-06,NIFTY PHARMA.NSE_IDX,12751.5,12805.6,12625.6,12641.35
2023-01-09,NIFTY PHARMA.NSE_IDX,12729.2,12828.55,12705.3,12768.65
2023-01-10,NIFTY PHARMA.NSE_IDX,12775.85,12818.25,12736.2,12770.55
2023-01-11,NIFTY PHARMA.NSE_IDX,12782.15,12806.4,12657.4,12687.95
2023-01-12,NIFTY PHARMA.NSE_IDX,12721.2,12721.2,12584.9,12672.9
2023-01-13,NIFTY PHARMA.NSE_IDX,12689.95,12689.95,12589.6,12676.6
2023-01-16,NIFTY PHARMA.NSE_IDX,12691.35,12728.1,12592.55,12659.6
2023-01-17,NIFTY PHARMA.NSE_IDX,12678.25,12678.25,12585.05,12648.25
2023-01-18,NIFTY PHARMA.NSE_IDX,12656.6,12743.4,12631.65,12731.1
2023-01-19,NIFTY PHARMA.NSE_IDX,12719.4,12754.7,12674.45,12692.95
2023-01-20,NIFTY PHARMA.NSE_IDX,12714.55,12720.8,12581.35,12614.75
2023-01-23,NIFTY PHARMA.NSE_IDX,12631.8,12744.4,12586.15,12719.05
2023-01-24,NIFTY PHARMA.NSE_IDX,12726.2,12732.4,12575.8,12586.9
2023-01-25,NIFTY PHARMA.NSE_IDX,12567.2,12594.5,12409.85,12446.8
2023-01-27,NIFTY PHARMA.NSE_IDX,12476.7,12616.8,12447.85,12500.85
2023-01-30,NIFTY PHARMA.NSE_IDX,12531.95,12586.7,12443.25,12493.2
2023-01-31,NIFTY PHARMA.NSE_IDX,12526.85,12549.7,12335.25,12379.35
2023-02-01,NIFTY PHARMA.NSE_IDX,12397.7,12473.45,12252.85,12342.7
2023-02-02,NIFTY PHARMA.NSE_IDX,12291.65,12362.0,12224.65,12296.35
2023-02-03,NIFTY PHARMA.NSE_IDX,12308.7,12327.15,12086.85,12176.05
2023-02-06,NIFTY PHARMA.NSE_IDX,12150.65,12218.65,12086.8,12198.1
2023-02-07,NIFTY PHARMA.NSE_IDX,12222.55,12252.9,12121.95,12190.95
2023-02-08,NIFTY PHARMA.NSE_IDX,12203.65,12373.85,12144.85,12362.3
2023-02-09,NIFTY PHARMA.NSE_IDX,12246.25,12463.65,12246.25,12300.85
2023-02-10,NIFTY PHARMA.NSE_IDX,12293.7,12347.15,12207.45,12324.3
2023-02-13,NIFTY PHARMA.NSE_IDX,12347.7,12373.6,12221.55,12258.7
2023-02-14,NIFTY PHARMA.NSE_IDX,12310.55,12313.0,12209.85,12253.95
2023-02-15,NIFTY PHARMA.NSE_IDX,12221.15,12259.65,12135.3,12229.75
2023-02-16,NIFTY PHARMA.NSE_IDX,12276.5,12335.9,12257.8,12285.3
2023-02-17,NIFTY PHARMA.NSE_IDX,12267.5,12275.85,12142.4,12158.15
2023-02-20,NIFTY PHARMA.NSE_IDX,12132.35,12140.8,11971.2,12057.45
2023-02-21,NIFTY PHARMA.NSE_IDX,12103.9,12124.45,11998.45,12042.25
2023-02-22,NIFTY PHARMA.NSE_IDX,12017.25,12065.9,11980.3,11993.35
2023-02-23,NIFTY PHARMA.NSE_IDX,12017.25,12020.2,11939.55,11970.05
2023-02-24,NIFTY PHARMA.NSE_IDX,11985.65,12087.4,11928.3,11990.95
2023-02-27,NIFTY PHARMA.NSE_IDX,12002.4,12006.35,11847.3,11898.4
2023-02-28,NIFTY PHARMA.NSE_IDX,11916.4,11937.35,11731.5,11754.85
2023-03-01,NIFTY PHARMA.NSE_IDX,11737.15,11802.35,11730.0,11762.7
2023-03-02,NIFTY PHARMA.NSE_IDX,11777.7,11791.05,11712.3,11755.4
2023-03-03,NIFTY PHARMA.NSE_IDX,11802.3,11814.0,11733.45,11778.0
2023-03-06,NIFTY PHARMA.NSE_IDX,11818.95,11887.75,11794.05,11805.35
2023-03-08,NIFTY PHARMA.NSE_IDX,11778.9,11801.45,11696.8,11751.85
2023-03-09,NIFTY PHARMA.NSE_IDX,11752.3,11801.9,11680.3,11711.7
2023-03-10,NIFTY PHARMA.NSE_IDX,11657.05,11694.15,11596.4,11679.0
2023-03-13,NIFTY PHARMA.NSE_IDX,11680.05,11731.0,11565.45,11604.6
2023-03-14,NIFTY PHARMA.NSE_IDX,11609.45,11669.95,11542.45,11603.85
2023-03-15,NIFTY PHARMA.NSE_IDX,11609.75,11739.0,11596.1,11641.3
2023-03-16,NIFTY PHARMA.NSE_IDX,11659.0,11773.35,11639.25,11754.35
2023-03-17,NIFTY PHARMA.NSE_IDX,11790.8,11806.15,11635.65,11675.75
2023-03-20,NIFTY PHARMA.NSE_IDX,11660.6,11709.6,11602.7,11655.7
2023-03-21,NIFTY PHARMA.NSE_IDX,11696.05,11701.55,11621.65,11629.9
2023-03-22,NIFTY PHARMA.NSE_IDX,11651.65,11766.45,11637.85,11755.0
2023-03-23,NIFTY PHARMA.NSE_IDX,11771.0,11801.05,11747.15,11786.55
2023-03-24,NIFTY PHARMA.NSE_IDX,11786.45,11818.8,11734.55,11747.25
2023-03-27,NIFTY PHARMA.NSE_IDX,11797.55,11951.45,11744.3,11869.95
2023-03-28,NIFTY PHARMA.NSE_IDX,11909.9,11911.5,11817.95,11870.8
2023-03-29,NIFTY PHARMA.NSE_IDX,11892.5,11973.9,11861.55,11955.2
2023-03-31,NIFTY PHARMA.NSE_IDX,11970.4,12062.2,11932.15,12009.9
2023-04-03,NIFTY PHARMA.NSE_IDX,12071.95,12094.8,12001.5,12068.1
2023-04-05,NIFTY PHARMA.NSE_IDX,12081.45,12191.25,12043.6,12184.65
2023-04-06,NIFTY PHARMA.NSE_IDX,12192.3,12289.15,12163.1,12276.35
2023-04-10,NIFTY PHARMA.NSE_IDX,12315.15,12317.3,12257.85,12301.4
2023-04-11,NIFTY PHARMA.NSE_IDX,12308.5,12401.1,12250.15,12300.45
2023-04-12,NIFTY PHARMA.NSE_IDX,12337.8,12581.1,12315.0,12570.4
2023-04-13,NIFTY PHARMA.NSE_IDX,12606.65,12606.65,12465.65,12479.55
2023-04-17,NIFTY PHARMA.NSE_IDX,12482.7,12520.95,12370.05,12398.2
2023-04-18,NIFTY PHARMA.NSE_IDX,12413.95,12615.95,12354.95,12609.2
2023-04-19,NIFTY PHARMA.NSE_IDX,12609.65,12688.35,12555.1,12617.15
2023-04-21,NIFTY PHARMA.NSE_IDX,12508.6,12562.55,12489.65,12526.3
2023-04-24,NIFTY PHARMA.NSE_IDX,12505.45,12509.3,12391.1,12460.55
2023-04-25,NIFTY PHARMA.NSE_IDX,12459.05,12474.15,12365.85,12445.1
